Ticker,Series,ADF_Statistic,p_value,1%_Critical,5%_Critical,Stationary_5%
AAPL,Returns,-16.077849486250056,5.418690664409162e-29,-3.433125086901646,-2.8627659864448662,True
AAPL,Price (Close),0.12057310073185834,0.967437967954276,-3.433064043542036,-2.862739030792749,False
AMZN,Returns,-18.963223013482438,0.0,-3.4331239097346398,-2.8627654666342472,True
AMZN,Price (Close),-1.0077356064817031,0.7504324704425043,-3.433058423074162,-2.8627365488673258,False
GOOGL,Returns,-16.376286169274096,2.7791245470864935e-29,-3.433125086901646,-2.8627659864448662,True
GOOGL,Price (Close),1.152259563255531,0.9956388601102104,-3.4330879064776165,-2.8627495683023896,False
JNJ,Returns,-11.919267037865053,5.077516354647462e-22,-3.43313454032826,-2.862770160859186,True
JNJ,Price (Close),1.3005533798975422,0.9966120325527523,-3.4330867606360274,-2.862749062318083,False
JPM,Returns,-14.283878340031839,1.3099316269054133e-26,-3.4331298055777806,-2.862768070104647,True
JPM,Price (Close),2.1200343738524685,0.9988099892671671,-3.4330879064776165,-2.8627495683023896,False
META,Returns,-50.818862923329014,0.0,-3.4331156974460857,-2.862761840265617,True
META,Price (Close),-0.9398386915968845,0.7745701146470629,-3.43305954530467,-2.862737044430077,False
MSFT,Returns,-16.3403216420959,3.0003322027128204e-29,-3.433125086901646,-2.8627659864448662,True
MSFT,Price (Close),-0.6629592363948283,0.856112104704983,-3.433058423074162,-2.8627365488673258,False
NVDA,Returns,-17.608914279213177,3.888315309002798e-30,-3.4331239097346398,-2.8627654666342472,True
NVDA,Price (Close),1.6688094145372772,0.9980500050125877,-3.4330890532791027,-2.8627500747103762,False
PG,Returns,-15.714441912795488,1.3471864020905451e-28,-3.4331864765491247,-2.862793094456392,True
PG,Price (Close),-1.4925668718471294,0.5371851441071811,-3.4330696873854163,-2.8627415230357958,False
XOM,Returns,-10.81825013602718,1.8335397013572418e-19,-3.4331357265371256,-2.8627706846606245,True
XOM,Price (Close),0.7279042311023239,0.9903786073526372,-3.4330799056770074,-2.8627460352798253,False
