Date,ticker,VADER_Mean,VADER_Std,VADER_Pos_Mean,VADER_Neg_Mean,VADER_Neu_Mean,Article_Count,Positive_Count,Negative_Count,Neutral_Count,Has_News,FinBERT_Sentiment_Score,FinBERT_Positive_Prob,FinBERT_Negative_Prob,FinBERT_Neutral_Prob,FinBERT_Article_Count,FinBERT_Positive_Count,FinBERT_Negative_Count,FinBERT_Neutral_Count,FinBERT_Has_News
2026-09-23,AAPL,-0.0027704545454545,0.3384305318979345,0.0764090909090909,0.0792045454545454,0.8443863636363637,44,16,13,15,1,-0.08034461,0.20867161,0.28901622,0.5023121,44,8,12,24,1
2026-09-24,AAPL,0.088432,0.2691847468462763,0.0809,0.03056,0.8885599999999999,50,15,7,28,1,0.06590818,0.28445274,0.21854456,0.49700272,50,13,11,26,1
2026-09-25,AAPL,0.10753,0.2752609213018048,0.08942,0.03052,0.88006,50,18,7,25,1,0.20123026,0.31531787,0.114087604,0.57059455,50,15,3,32,1
2026-09-26,AAPL,0.0597111111111111,0.3028894659956188,0.0565555555555555,0.0331111111111111,0.9103333333333332,9,2,2,5,1,0.13204288,0.37305513,0.24101226,0.38593256,9,3,2,4,1
2026-09-27,AAPL,0.122675,0.2976034583285128,0.1185833333333333,0.0513333333333333,0.8300833333333334,12,6,2,4,1,0.08684961,0.33391085,0.24706125,0.4190279,12,4,3,5,1
2026-09-28,AAPL,0.0964434782608695,0.3186359108293927,0.0970724637681159,0.0516666666666666,0.8512898550724637,69,28,15,26,1,0.09998026,0.32627785,0.22629762,0.44742453,69,22,14,33,1
2026-09-29,AAPL,0.12929,0.2716308829193682,0.074,0.0112,0.9148,10,3,1,6,1,0.026492774,0.26577097,0.2392782,0.49495083,10,2,2,6,1
2026-09-23,AMZN,0.1130846153846153,0.44533368920798,0.1512307692307692,0.0879230769230769,0.7608461538461538,13,7,3,3,1,-0.08651383,0.1984179,0.28493172,0.5166503,13,2,4,7,1
2026-09-24,AMZN,0.1206215189873417,0.3500919130855774,0.1235569620253164,0.0529493670886075,0.8235063291139241,79,40,17,22,1,-0.074481726,0.22414356,0.2986253,0.47723114,79,15,24,40,1
2026-09-25,AMZN,0.0758619047619047,0.3485159141220288,0.1256507936507936,0.0685555555555555,0.8057777777777778,63,25,16,22,1,-0.01772078,0.2605483,0.27826908,0.46118262,63,15,17,31,1
2026-09-26,AMZN,-0.2235,0.387113355491644,0.0253333333333333,0.1326666666666666,0.842,3,0,1,2,1,-0.088515304,0.33106577,0.41958106,0.24935313,3,1,2,0,1
2026-09-27,AMZN,0.0657416666666666,0.4042353757591627,0.1348333333333333,0.0961666666666666,0.7689166666666667,12,7,4,1,1,-0.009351507,0.1799482,0.1892997,0.63075215,12,1,1,10,1
2026-09-28,AMZN,0.1392605633802816,0.3494996212868879,0.1390845070422535,0.0540140845070422,0.806943661971831,71,38,16,17,1,-0.05086126,0.18607293,0.23693419,0.57699287,71,10,14,47,1
2026-09-29,AMZN,0.0679999999999999,0.0736482518461911,0.0834,0.0392,0.8774000000000001,5,3,0,2,1,0.21180198,0.32572752,0.11392554,0.56034696,5,2,0,3,1
2026-09-24,GOOGL,0.10065625,0.2512164938227922,0.0818958333333333,0.0218333333333333,0.8962708333333333,48,16,3,29,1,0.07189769,0.27252933,0.20063163,0.526839,48,12,10,26,1
2026-09-25,GOOGL,0.0521975308641975,0.301319335993937,0.0696419753086419,0.0498765432098765,0.8804691358024691,81,28,15,38,1,0.10043314,0.29899073,0.19855759,0.5024517,81,21,15,45,1
2026-09-26,GOOGL,-0.0123,0.2566864457437739,0.04875,0.0568749999999999,0.8945,8,2,1,5,1,0.27290595,0.41981423,0.14690825,0.4332775,8,3,1,4,1
2026-09-27,GOOGL,0.1488384615384615,0.3655721851619767,0.141,0.0583076923076923,0.8006923076923077,13,9,2,2,1,-0.08769329,0.08655357,0.17424686,0.7391996,13,0,1,12,1
2026-09-28,GOOGL,0.0477482758620689,0.2646414511038314,0.065471264367816,0.0438045977011494,0.8907241379310344,87,25,19,43,1,0.054979682,0.2878596,0.23287988,0.47926053,87,22,20,45,1
2026-09-29,GOOGL,0.117075,0.1774002619911973,0.0743333333333333,0.0080833333333333,0.9175833333333332,12,5,0,7,1,0.2583751,0.33240452,0.074029416,0.59356606,12,4,1,7,1
2026-09-03,JNJ,0.23325,0.2702614598248641,0.109,0.0,0.891,4,2,0,2,1,0.14624476,0.3864041,0.24015933,0.37343657,4,2,1,1,1
2026-09-04,JNJ,0.2086857142857142,0.232106860652383,0.1397142857142857,0.0218571428571428,0.8384285714285714,7,4,0,3,1,0.32412812,0.42633405,0.10220591,0.47146007,7,3,0,4,1
2026-09-06,JNJ,0.0,0.0,0.0,0.0,1.0,1,0,0,1,1,-0.361148,0.053344242,0.41449225,0.5321635,1,0,0,1,1
2026-09-07,JNJ,0.1856999999999999,0.2841422953380929,0.0928333333333333,0.0081666666666666,0.899,6,2,0,4,1,0.10528769,0.21814553,0.112857856,0.66899663,6,1,1,4,1
2026-09-08,JNJ,0.0847,0.3207303829876873,0.095,0.0305333333333333,0.8744,15,5,2,8,1,0.17792425,0.307353,0.12942876,0.56321824,15,5,1,9,1
2026-09-09,JNJ,-0.0290384615384615,0.3606645938136557,0.0751538461538461,0.0858461538461538,0.839,13,5,3,5,1,-0.004817278,0.27417138,0.27898863,0.44684,13,4,3,6,1
2026-09-10,JNJ,0.1199684210526315,0.3481329504220918,0.0919473684210526,0.0278421052631578,0.8802105263157894,19,6,2,11,1,0.043515533,0.30697566,0.2634601,0.42956424,19,5,4,10,1
2026-09-11,JNJ,0.2151222222222222,0.3690124109626185,0.1913333333333333,0.0367777777777777,0.7718888888888888,9,7,1,1,1,0.17625825,0.28267276,0.1064145,0.61091274,9,2,1,6,1
2026-09-12,JNJ,0.0,0.0,0.0,0.0,1.0,2,0,0,2,1,0.12584148,0.32132828,0.1954868,0.48318496,2,1,0,1,1
2026-09-13,JNJ,0.299575,0.3460885471956563,0.1352499999999999,0.0,0.86475,4,2,0,2,1,0.07386443,0.281228,0.20736356,0.51140845,4,1,1,2,1
2026-09-14,JNJ,-0.0226434782608695,0.3620352491955432,0.0536086956521739,0.0366086956521739,0.9097826086956522,23,6,4,13,1,0.22536491,0.34886882,0.12350393,0.52762717,23,8,2,13,1
2026-09-15,JNJ,-0.127275,0.2976908138768589,0.03325,0.079625,0.8870625,16,2,5,9,1,-0.16129333,0.21547945,0.3767728,0.40774778,16,2,7,7,1
2026-09-16,JNJ,0.0750692307692307,0.2508622244201499,0.0931538461538461,0.0285384615384615,0.8782307692307693,13,5,2,6,1,0.6307684,0.6690562,0.038287733,0.29265612,13,10,0,3,1
2026-09-17,JNJ,0.0599222222222222,0.2132856287808544,0.0748888888888889,0.0427777777777777,0.8823333333333333,9,2,1,6,1,0.11067353,0.35560372,0.2449302,0.39946613,9,3,2,4,1
2026-09-18,JNJ,0.1161882352941176,0.243499802059347,0.0681176470588235,0.0105882352941176,0.9212941176470588,17,5,1,11,1,0.13367039,0.32802427,0.1943539,0.47762185,17,6,3,8,1
2026-09-19,JNJ,0.0919666666666666,0.4411983718616075,0.0996666666666666,0.0516666666666666,0.8486666666666666,3,1,1,1,1,-0.6256087,0.027936904,0.65354556,0.31851754,3,0,2,1,1
2026-09-20,JNJ,0.5106,0.0,0.148,0.0,0.852,1,1,0,0,1,0.12103893,0.13293785,0.011898921,0.8551632,1,0,0,1,1
2026-09-21,JNJ,0.1373818181818182,0.3196821853597157,0.1009999999999999,0.027090909090909,0.8719090909090909,11,5,2,4,1,0.30868602,0.6025579,0.29387185,0.10357029,11,7,4,0,1
2026-09-22,JNJ,0.2092083333333333,0.4125311766914402,0.1519166666666666,0.0579166666666666,0.79025,12,7,3,2,1,0.5817833,0.67974013,0.097956784,0.2223031,12,9,1,2,1
2026-09-23,JNJ,0.2089909090909091,0.2699373684933061,0.1035454545454545,0.038090909090909,0.8583636363636363,11,7,1,3,1,0.33523834,0.40799838,0.07276002,0.5192416,11,4,1,6,1
2026-09-24,JNJ,0.2392142857142857,0.2667707193514623,0.1536428571428571,0.0170714285714285,0.8292857142857143,14,11,1,2,1,0.11344799,0.3176625,0.20421453,0.47812298,14,3,3,8,1
2026-09-25,JNJ,0.0331125,0.3856240999989497,0.09525,0.0771874999999999,0.8275625,16,6,5,5,1,0.34401003,0.47900885,0.13499883,0.3859923,16,8,2,6,1
2026-09-26,JNJ,0.4404,0.0,0.182,0.0,0.818,1,1,0,0,1,0.7941397,0.8105651,0.016425446,0.17300949,1,1,0,0,1
2026-09-27,JNJ,0.2380333333333333,0.3475786577644452,0.2009999999999999,0.0,0.799,3,2,0,1,1,0.03987978,0.37811074,0.33823097,0.2836583,3,2,1,0,1
2026-09-28,JNJ,0.2856615384615384,0.3273935896808344,0.192,0.0088461538461538,0.7991538461538461,13,7,1,5,1,0.013409624,0.29218027,0.27877066,0.42904904,13,4,3,6,1
2026-09-29,JNJ,0.31845,0.4503563089377121,0.183,0.0,0.817,2,1,0,1,1,0.47146472,0.50233555,0.030870825,0.46679372,2,1,0,1,1
2026-09-14,JPM,0.2452375,0.3024979713627372,0.1634999999999999,0.05,0.7865,8,6,1,1,1,-0.06458542,0.20122515,0.26581058,0.5329643,8,1,2,5,1
2026-09-15,JPM,0.1587565217391304,0.3290777965854481,0.0769565217391304,0.0363478260869565,0.886695652173913,23,11,4,8,1,0.052761473,0.3763935,0.323632,0.29997453,23,9,7,7,1
2026-09-16,JPM,0.1332310344827586,0.3435576839727919,0.1281379310344827,0.0639310344827586,0.8080344827586207,29,13,7,9,1,0.2697367,0.452184,0.1824473,0.36536872,29,13,5,11,1
2026-09-17,JPM,0.1110571428571428,0.3827130721198696,0.1074761904761904,0.0306666666666666,0.8618571428571429,21,7,4,10,1,0.12665214,0.4087134,0.28206125,0.30922535,21,7,7,7,1
2026-09-18,JPM,0.0937919999999999,0.379608478040204,0.0852,0.03344,0.8813599999999999,25,7,3,15,1,-0.024012541,0.20450397,0.22851652,0.56697947,25,5,5,15,1
2026-09-19,JPM,-0.0035749999999999,0.4754365669220939,0.15775,0.2317499999999999,0.6105,4,2,2,0,1,-0.7412285,0.027458187,0.7686867,0.20385511,4,0,3,1,1
2026-09-20,JPM,-0.2133666666666666,0.4208591490431606,0.0349999999999999,0.1726666666666666,0.7919999999999999,3,1,2,0,1,-0.088393025,0.35157087,0.4399639,0.20846526,3,1,2,0,1
2026-09-21,JPM,0.1331083333333333,0.3594073393514803,0.1152083333333333,0.0255833333333333,0.8592083333333332,24,9,4,11,1,0.20428075,0.40619576,0.20191501,0.3918892,24,9,5,10,1
2026-09-22,JPM,0.0314714285714285,0.3735164628799218,0.0941428571428571,0.06075,0.8450714285714286,28,10,7,11,1,0.072661586,0.41270256,0.34004095,0.24725649,28,12,9,7,1
2026-09-23,JPM,0.071535,0.2862713384829891,0.08585,0.0288,0.8853500000000001,20,7,3,10,1,0.12245278,0.34940264,0.22694986,0.4236475,20,8,4,8,1
2026-09-24,JPM,0.1983071428571428,0.2586293976516791,0.1127142857142857,0.0,0.8872857142857143,14,6,0,8,1,0.4802461,0.5523369,0.07209077,0.37557238,14,9,1,4,1
2026-09-25,JPM,0.2249722222222222,0.4020217843169191,0.204,0.0552777777777777,0.7407222222222223,18,10,3,5,1,0.33268794,0.4527353,0.12004737,0.42721733,18,8,2,8,1
2026-09-26,JPM,0.0,0.0,0.0,0.0,1.0,4,0,0,4,1,-0.11611302,0.21910878,0.3352218,0.4456694,4,1,1,2,1
2026-09-27,JPM,-0.11315,0.1600182645825157,0.0,0.087,0.913,2,0,1,1,1,-0.14110191,0.056871288,0.1979732,0.74515545,2,0,0,2,1
2026-09-28,JPM,0.1333235294117647,0.270236363044955,0.085235294117647,0.013235294117647,0.901529411764706,17,7,1,9,1,0.012074337,0.28605437,0.27398002,0.4399656,17,5,5,7,1
2026-09-29,JPM,-0.07565,0.1069852559935246,0.0,0.0925,0.9075,2,0,1,1,1,-0.7992987,0.08607297,0.8853717,0.028555384,2,0,2,0,1
2026-09-25,META,0.1635392156862745,0.3010614974243178,0.104,0.0147843137254901,0.8812156862745099,51,19,5,27,1,0.013391643,0.3025342,0.28914255,0.40832326,51,15,15,21,1
2026-09-26,META,0.129690909090909,0.3522695344606043,0.1109090909090909,0.0274545454545454,0.8616363636363636,11,5,1,5,1,0.1774322,0.40012273,0.2226905,0.37718678,11,4,3,4,1
2026-09-27,META,0.1276117647058823,0.3305302650332359,0.1234705882352941,0.0626470588235294,0.8138235294117647,17,8,3,6,1,0.041175928,0.24411294,0.202937,0.5529501,17,3,2,12,1
2026-09-28,META,0.0321591836734693,0.280250793445311,0.0650340136054421,0.0505238095238095,0.8844625850340135,147,40,32,75,1,-0.09882734,0.24728799,0.34611535,0.40659666,147,35,51,61,1
2026-09-29,META,0.050795238095238,0.1832839340373031,0.0461428571428571,0.0196666666666666,0.9341904761904762,21,5,2,14,1,-0.29956633,0.156053,0.45561936,0.38832766,21,3,10,8,1
2026-09-24,MSFT,-0.0063357142857142,0.3427294124595015,0.1042142857142857,0.1032142857142857,0.7925714285714286,14,5,6,3,1,0.013861077,0.28553447,0.2716734,0.44279212,14,4,4,6,1
2026-09-25,MSFT,0.0784461538461538,0.3194400191681591,0.0897582417582417,0.0459670329670329,0.8642747252747253,91,32,16,43,1,0.0528541,0.25320014,0.20034604,0.54645383,91,24,16,51,1
2026-09-26,MSFT,0.1163846153846153,0.3143972377056183,0.0807692307692307,0.0404615384615384,0.8787692307692307,13,5,1,7,1,0.35075557,0.4419958,0.09124022,0.46676397,13,6,1,6,1
2026-09-27,MSFT,0.0456,0.3817454570784045,0.1122727272727272,0.0885454545454545,0.7992727272727272,11,6,3,2,1,0.049402226,0.24075879,0.19135657,0.5678847,11,2,1,8,1
2026-09-28,MSFT,0.0654169642857142,0.2827430874369949,0.0767410714285714,0.0540535714285714,0.8692053571428572,112,41,24,47,1,0.054020565,0.2957231,0.24170253,0.46257442,112,32,27,53,1
2026-09-29,MSFT,0.0369285714285714,0.4116408617321889,0.0871428571428571,0.0802857142857143,0.8325714285714286,7,2,2,3,1,0.0056933826,0.33001024,0.32431683,0.34567294,7,2,2,3,1
2026-09-28,NVDA,0.120947342995169,0.2870653341963723,0.0964589371980676,0.033743961352657,0.8698067632850243,207,90,29,88,1,0.02835299,0.2853483,0.25699532,0.4576564,207,57,53,97,1
2026-09-29,NVDA,0.0540487804878048,0.2500900908892146,0.0546097560975609,0.0295853658536585,0.915780487804878,41,10,5,26,1,0.108502924,0.36275688,0.25425398,0.38298917,41,16,9,16,1
2026-08-06,PG,0.10205,0.4215825937267018,0.14725,0.05975,0.7929999999999999,4,2,1,1,1,0.25211018,0.30772048,0.055610325,0.6366692,4,1,0,3,1
2026-08-07,PG,0.2370833333333333,0.3059146182624601,0.1615,0.0,0.8384999999999999,6,3,0,3,1,0.09557902,0.33095053,0.23537153,0.43367794,6,2,2,2,1
2026-08-08,PG,0.0,0.0,0.0,0.0,1.0,4,0,0,4,1,-0.08015929,0.23968622,0.3198455,0.44046828,4,1,1,2,1
2026-08-09,PG,0.15975,0.1720693949157335,0.1425,0.04025,0.81725,4,2,0,2,1,-0.034461606,0.12855858,0.16302018,0.70842123,4,0,0,4,1
2026-08-10,PG,0.1713333333333333,0.2486122130950127,0.126,0.055,0.8186666666666667,9,4,0,5,1,0.03300499,0.27316353,0.24015853,0.48667797,9,3,2,4,1
2026-08-11,PG,0.0156166666666666,0.1594227137727452,0.0226666666666666,0.0151666666666666,0.9621666666666666,6,1,1,4,1,-0.1947578,0.1105456,0.30530342,0.584151,6,0,2,4,1
2026-08-12,PG,0.3945666666666667,0.4122639486219154,0.245,0.0,0.755,3,2,0,1,1,0.5812674,0.59754103,0.016273558,0.3861854,3,2,0,1,1
2026-08-13,PG,0.0,0.0,0.0,0.0,1.0,1,0,0,1,1,0.48945284,0.4998553,0.0104024755,0.4897422,1,1,0,0,1
2026-08-14,PG,0.0683,0.1365999999999999,0.03725,0.0,0.96275,4,1,0,3,1,-0.33514363,0.028143901,0.36328754,0.60856855,4,0,1,3,1
2026-08-17,PG,0.56265,0.1215516556859674,0.3389999999999999,0.0,0.661,2,2,0,0,1,0.9300206,0.95205545,0.022034885,0.025909629,2,2,0,0,1
2026-08-19,PG,-0.0296999999999999,0.3279070396723234,0.0325,0.091,0.8765000000000001,4,1,1,2,1,0.23959625,0.41408458,0.17448832,0.4114271,4,2,0,2,1
2026-08-20,PG,-0.1779,0.0,0.114,0.144,0.742,1,0,1,0,1,-0.9305463,0.0142611675,0.94480747,0.040931314,1,0,1,0,1
2026-08-21,PG,0.3179888888888889,0.4126102138957676,0.2178888888888888,0.0402222222222222,0.7418888888888888,9,7,1,1,1,0.057555184,0.32621276,0.2686576,0.40512967,9,3,2,4,1
2026-08-22,PG,0.3818,0.0,0.157,0.0,0.843,1,1,0,0,1,0.20584245,0.21592015,0.010077696,0.77400213,1,0,0,1,1
2026-08-23,PG,0.6908,0.0,0.275,0.0,0.725,1,1,0,0,1,0.22166294,0.2417836,0.020120667,0.7380957,1,0,0,1,1
2026-08-24,PG,0.4120999999999999,0.357381266996467,0.2393333333333333,0.0,0.7606666666666667,3,2,0,1,1,0.13358988,0.38296142,0.24937153,0.36766705,3,1,1,1,1
2026-08-25,PG,0.2023,0.0,0.231,0.0,0.769,1,1,0,0,1,-0.04273931,0.037975952,0.08071526,0.8813088,1,0,0,1,1
2026-08-26,PG,0.2740666666666667,0.2391503571674801,0.141,0.0,0.859,3,2,0,1,1,0.38904068,0.48944643,0.10040578,0.41014776,3,2,0,1,1
2026-08-27,PG,0.0674333333333333,0.1167979594570613,0.0469999999999999,0.0,0.953,3,1,0,2,1,-0.09388906,0.048573192,0.14246224,0.80896455,3,0,0,3,1
2026-08-28,PG,0.2123,0.3677143864468726,0.1523333333333333,0.0,0.8476666666666667,3,1,0,2,1,0.26737168,0.31625167,0.04888,0.6348684,3,1,0,2,1
2026-08-29,PG,0.5106,0.0,0.191,0.0,0.809,1,1,0,0,1,0.025447583,0.05177933,0.026331747,0.9218889,1,0,0,1,1
2026-08-30,PG,0.0,0.0,0.0,0.0,1.0,2,0,0,2,1,-0.22557062,0.23023465,0.45580524,0.31396008,2,0,1,1,1
2026-08-31,PG,0.2884571428571428,0.3653128150737978,0.1521428571428571,0.0178571428571428,0.83,7,3,0,4,1,0.29946017,0.45794648,0.15848632,0.38356724,7,3,1,3,1
2026-09-01,PG,0.1927181818181818,0.3582154262959143,0.1239090909090909,0.0193636363636363,0.8567272727272727,11,5,1,5,1,0.16887316,0.36281627,0.19394308,0.44324064,11,5,2,4,1
2026-09-02,PG,0.23795,0.2665457675080784,0.1144444444444444,0.0,0.8855555555555555,18,9,0,9,1,0.012101998,0.29122993,0.27912793,0.42964214,18,5,5,8,1
2026-09-03,PG,-0.0123199999999999,0.267172943573592,0.0689999999999999,0.0586999999999999,0.8722999999999999,10,2,3,5,1,-0.22546546,0.10405223,0.3295177,0.5664301,10,1,3,6,1
2026-09-04,PG,0.1909,0.2699733690570238,0.0955,0.0,0.9045,2,1,0,1,1,-0.20254,0.11719118,0.31973118,0.5630776,2,0,1,1,1
2026-09-06,PG,0.125425,0.1494464982304146,0.057,0.0,0.943,4,2,0,2,1,-0.0034154803,0.25655717,0.25997266,0.48347017,4,1,1,2,1
2026-09-07,PG,-0.0824375,0.3330848880969706,0.05375,0.110125,0.836125,8,1,4,3,1,-0.17199016,0.2577594,0.42974955,0.31249103,8,2,4,2,1
2026-09-08,PG,0.3270666666666666,0.3034252681194059,0.1683333333333333,0.0,0.8316666666666667,3,2,0,1,1,0.038264643,0.070612006,0.032347362,0.8970406,3,0,0,3,1
2026-09-09,PG,0.4200666666666666,0.3566002850999047,0.1546666666666666,0.0,0.8453333333333334,3,3,0,0,1,0.027758261,0.058246583,0.030488325,0.9112651,3,0,0,3,1
2026-09-10,PG,-0.05102,0.3668779252012855,0.0412,0.0603999999999999,0.8984,5,1,1,3,1,0.0036348836,0.20764968,0.20401482,0.58833545,5,1,1,3,1
2026-09-11,PG,0.2416666666666666,0.2581929795069313,0.1561666666666666,0.0289999999999999,0.8148333333333334,6,4,0,2,1,-0.3660604,0.059597462,0.42565787,0.51474464,6,0,3,3,1
2026-09-13,PG,0.3086333333333333,0.2942067357035411,0.1406666666666667,0.0,0.8593333333333333,3,2,0,1,1,-0.14201568,0.12850596,0.2705216,0.6009724,3,0,1,2,1
2026-09-14,PG,0.1217375,0.314736488136164,0.11175,0.052875,0.8355,8,3,1,4,1,0.4336281,0.45730487,0.02367675,0.51901835,8,4,0,4,1
2026-09-15,PG,0.19405,0.4054824410501644,0.16175,0.0275,0.8105,4,1,0,3,1,0.16589876,0.25049847,0.0845997,0.6649018,4,1,0,3,1
2026-09-16,PG,0.0591999999999999,0.3006805946515338,0.1376,0.077,0.7854,5,2,1,2,1,-0.09798104,0.13283083,0.23081186,0.6363573,5,0,1,4,1
2026-09-17,PG,0.255025,0.3925524030835458,0.1455,0.0,0.8545,4,3,0,1,1,0.3049804,0.4813404,0.17636001,0.34229955,4,2,1,1,1
2026-09-18,PG,0.094,0.410195486932755,0.1116666666666666,0.0654444444444444,0.8228888888888889,9,4,2,3,1,0.057589777,0.32141766,0.2638279,0.41475448,9,3,2,4,1
2026-09-19,PG,0.0,0.0,0.0,0.0,1.0,1,0,0,1,1,0.03253401,0.055588473,0.023054464,0.9213571,1,0,0,1,1
2026-09-20,PG,0.5106,0.0,0.148,0.0,0.852,1,1,0,0,1,0.12103893,0.13293785,0.011898921,0.8551632,1,0,0,1,1
2026-09-21,PG,0.2465,0.1872352708937786,0.167,0.0,0.833,4,3,0,1,1,-0.27388704,0.20148456,0.4753716,0.32314384,4,1,2,1,1
2026-09-22,PG,0.2030833333333333,0.1699077210331145,0.1071666666666666,0.0,0.8928333333333334,6,4,0,2,1,-0.061735142,0.29529312,0.35702828,0.34767863,6,2,2,2,1
2026-09-23,PG,0.0,0.0,0.0,0.0,1.0,2,0,0,2,1,0.40681967,0.53470445,0.12788475,0.3374108,2,1,0,1,1
2026-09-24,PG,-0.0601625,0.3377596437768812,0.049625,0.09875,0.851625,8,2,3,3,1,-0.18476072,0.06344536,0.24820608,0.68834853,8,0,2,6,1
2026-09-25,PG,0.03745,0.3685376222314351,0.0638333333333333,0.074,0.8621666666666666,6,2,1,3,1,-0.0666832,0.34919128,0.41587448,0.23493427,6,2,3,1,1
2026-09-27,PG,0.3392,0.2491668383499966,0.216,0.0,0.784,4,4,0,0,1,0.043265473,0.3065373,0.26327184,0.43019086,4,2,1,1,1
2026-09-28,PG,0.0749384615384615,0.2803442572340346,0.0759230769230769,0.0204615384615384,0.9036153846153846,13,4,2,7,1,-0.21220046,0.17066526,0.38286573,0.44646898,13,2,5,6,1
2026-09-29,PG,0.1806,0.2554069693645809,0.0785,0.0405,0.8805000000000001,2,1,0,1,1,-0.095560044,0.43689838,0.5324584,0.030643199,2,1,1,0,1
2026-09-01,XOM,0.151895,0.2723974021728664,0.13725,0.05095,0.81185,20,11,3,6,1,0.16658063,0.3848992,0.21831855,0.39678222,20,7,3,10,1
2026-09-02,XOM,0.09551,0.1739108357112281,0.0623,0.0107,0.9269,10,3,1,6,1,0.058791716,0.29390568,0.23511395,0.47098035,10,2,2,6,1
2026-09-03,XOM,0.12238,0.2996790316321781,0.1314,0.0272,0.8413999999999999,5,2,1,2,1,0.13071913,0.31024227,0.17952314,0.51023453,5,1,1,3,1
2026-09-04,XOM,0.0949666666666666,0.4894098521008065,0.1403333333333333,0.0703333333333333,0.7893333333333333,3,1,1,1,1,-0.27628303,0.33902097,0.615304,0.045675028,3,1,2,0,1
2026-09-05,XOM,0.7096,0.0,0.535,0.0,0.465,1,1,0,0,1,0.0038474444,0.029591447,0.025744002,0.94466454,1,0,0,1,1
2026-09-06,XOM,0.1706,0.24126483374085,0.097,0.0,0.903,2,1,0,1,1,-0.26373273,0.1888134,0.45254615,0.3586404,2,0,1,1,1
2026-09-07,XOM,0.1017272727272727,0.2604999773163487,0.1116363636363636,0.06,0.8282727272727274,11,6,2,3,1,0.39621,0.5431769,0.14696689,0.3098562,11,6,2,3,1
2026-09-08,XOM,-0.0592411764705882,0.3419549112434699,0.0814705882352941,0.1041176470588235,0.8144117647058824,17,4,8,5,1,0.1715345,0.41919363,0.24765915,0.33314723,17,7,4,6,1
2026-09-09,XOM,0.0254357142857142,0.4087162540426809,0.1409285714285714,0.1359999999999999,0.7232142857142857,14,6,7,1,1,0.2801065,0.47233367,0.19222715,0.33543918,14,7,3,4,1
2026-09-10,XOM,0.0401833333333333,0.3286063929919068,0.073,0.0502499999999999,0.87675,12,4,3,5,1,0.08461165,0.3997971,0.31518546,0.2850174,12,5,4,3,1
2026-09-11,XOM,-0.0640071428571428,0.2596631559548631,0.0231428571428571,0.0492142857142857,0.9276428571428572,14,2,3,9,1,0.20627788,0.39997506,0.19369718,0.40632775,14,6,3,5,1
2026-09-12,XOM,-0.1971333333333333,0.1721987611260119,0.0,0.135,0.8649999999999999,3,0,2,1,1,-0.46685603,0.1262211,0.5930771,0.28070176,3,0,2,1,1
2026-09-13,XOM,0.2952,0.3067921772144786,0.1456666666666666,0.0,0.8543333333333334,3,2,0,1,1,0.08975778,0.3606569,0.2708991,0.36844397,3,1,1,1,1
2026-09-14,XOM,0.1700454545454545,0.2672394108795944,0.1236363636363636,0.0168181818181818,0.8594545454545455,11,4,1,6,1,0.5683477,0.6798152,0.11146749,0.20871735,11,8,1,2,1
2026-09-15,XOM,0.0384272727272727,0.5012593182992394,0.1148181818181818,0.1044545454545454,0.7807272727272726,11,4,4,3,1,-0.14218146,0.2289854,0.37116683,0.39984772,11,3,4,4,1
2026-09-16,XOM,0.11758,0.3965337153743317,0.1192,0.0639333333333333,0.8168666666666666,15,7,3,5,1,0.3344074,0.47735798,0.14295061,0.3796914,15,7,2,6,1
2026-09-17,XOM,0.082225,0.3691000902071267,0.0852499999999999,0.0181666666666666,0.8965833333333334,12,3,1,8,1,0.38327965,0.501118,0.11783839,0.38104355,12,7,1,4,1
2026-09-18,XOM,0.06025,0.3797171674051914,0.0856,0.0608999999999999,0.8535,10,2,2,6,1,0.012246751,0.28773385,0.2754871,0.4367791,10,3,3,4,1
2026-09-19,XOM,0.5859,0.0,0.348,0.0,0.652,1,1,0,0,1,0.113492034,0.1286758,0.015183768,0.85614043,1,0,0,1,1
2026-09-20,XOM,0.5106,0.0,0.148,0.0,0.852,1,1,0,0,1,0.12103893,0.13293785,0.011898921,0.8551632,1,0,0,1,1
2026-09-21,XOM,0.0234571428571428,0.2366807376434097,0.0525238095238095,0.0401428571428571,0.9073333333333332,21,4,4,13,1,0.05297932,0.29531422,0.24233489,0.4623509,21,6,4,11,1
2026-09-22,XOM,0.0229142857142857,0.3858431219574929,0.0801428571428571,0.058,0.8618571428571428,7,2,2,3,1,0.3558853,0.4769917,0.12110641,0.4019018,7,3,1,3,1
2026-09-23,XOM,-0.04075,0.4886650733261882,0.1083,0.0813,0.8105,10,3,3,4,1,0.3692686,0.49380875,0.12454011,0.38165116,10,5,1,4,1
2026-09-24,XOM,-0.0578857142857142,0.4284597197270374,0.0652857142857143,0.057,0.8777142857142858,7,1,2,4,1,-0.05811894,0.30677778,0.36489674,0.3283255,7,2,3,2,1
2026-09-25,XOM,0.0598833333333333,0.3857088872020797,0.1451666666666666,0.0706666666666666,0.7841666666666667,6,2,2,2,1,0.20968817,0.4757668,0.26607868,0.2581545,6,3,2,1,1
2026-09-26,XOM,0.32135,0.1683621246005169,0.2165,0.0,0.7835,2,2,0,0,1,-0.41889647,0.036942583,0.45583904,0.50721836,2,0,1,1,1
2026-09-27,XOM,0.10665,0.3569515886876912,0.1075,0.03125,0.86125,4,2,1,1,1,0.31467298,0.3804336,0.06576061,0.5538058,4,1,0,3,1
2026-09-28,XOM,0.1027583333333333,0.2579652705953523,0.0994999999999999,0.0348333333333333,0.8656666666666667,12,4,2,6,1,-0.08759081,0.35771373,0.44530454,0.19698171,12,4,6,2,1
2026-09-29,XOM,0.41695,0.1088237336246096,0.2275,0.0,0.7725,2,2,0,0,1,0.7652246,0.86459744,0.099372804,0.03602973,2,2,0,0,1
