Date,ticker,VADER_Mean,VADER_Std,VADER_Pos_Mean,VADER_Neg_Mean,VADER_Neu_Mean,Article_Count,Positive_Count,Negative_Count,Neutral_Count,Has_News
2026-08-09,PG,0.2044,0.180139057397334,0.11166666666666665,0.0,0.8883333333333333,3,2,0,1,1
2026-08-10,PG,0.1713333333333333,0.2486122130950127,0.126,0.055,0.8186666666666667,9,4,0,5,1
2026-08-11,PG,0.015616666666666662,0.15942271377274528,0.02266666666666667,0.015166666666666667,0.9621666666666666,6,1,1,4,1
2026-08-12,PG,0.3945666666666667,0.4122639486219154,0.245,0.0,0.755,3,2,0,1,1
2026-08-13,PG,0.0,,0.0,0.0,1.0,1,0,0,1,1
2026-08-14,PG,0.0683,0.13659999999999997,0.03725,0.0,0.96275,4,1,0,3,1
2026-08-17,PG,0.56265,0.12155165568596747,0.33899999999999997,0.0,0.661,2,2,0,0,1
2026-08-19,PG,-0.02969999999999999,0.32790703967232343,0.0325,0.091,0.8765000000000001,4,1,1,2,1
2026-08-20,PG,-0.1779,,0.114,0.144,0.742,1,0,1,0,1
2026-08-21,PG,0.3179888888888889,0.41261021389576763,0.21788888888888888,0.04022222222222222,0.7418888888888888,9,7,1,1,1
2026-08-22,PG,0.3818,,0.157,0.0,0.843,1,1,0,0,1
2026-08-23,PG,0.6908,,0.275,0.0,0.725,1,1,0,0,1
2026-08-24,PG,0.41209999999999997,0.357381266996467,0.23933333333333331,0.0,0.7606666666666667,3,2,0,1,1
2026-08-25,PG,0.2023,,0.231,0.0,0.769,1,1,0,0,1
2026-08-26,PG,0.2740666666666667,0.23915035716748015,0.141,0.0,0.859,3,2,0,1,1
2026-08-27,PG,0.06743333333333333,0.1167979594570613,0.04699999999999999,0.0,0.953,3,1,0,2,1
2026-08-28,PG,0.21230000000000002,0.36771438644687265,0.15233333333333335,0.0,0.8476666666666667,3,1,0,2,1
2026-08-29,PG,0.5106,,0.191,0.0,0.809,1,1,0,0,1
2026-08-30,PG,0.0,0.0,0.0,0.0,1.0,2,0,0,2,1
2026-08-31,PG,0.28845714285714286,0.36531281507379787,0.15214285714285714,0.017857142857142856,0.83,7,3,0,4,1
2026-09-01,PG,0.19271818181818182,0.3582154262959143,0.12390909090909091,0.019363636363636364,0.8567272727272727,11,5,1,5,1
2026-09-02,PG,0.23795,0.2665457675080784,0.11444444444444445,0.0,0.8855555555555555,18,9,0,9,1
2026-09-03,PG,-0.012319999999999998,0.267172943573592,0.06899999999999999,0.058699999999999995,0.8722999999999999,10,2,3,5,1
2026-09-04,PG,0.1909,0.2699733690570238,0.0955,0.0,0.9045000000000001,2,1,0,1,1
2026-09-06,PG,0.125425,0.14944649823041464,0.057,0.0,0.943,4,2,0,2,1
2026-09-07,PG,-0.0824375,0.3330848880969706,0.05375,0.110125,0.836125,8,1,4,3,1
2026-09-07,XOM,0.10172727272727272,0.2604999773163487,0.11163636363636363,0.060000000000000005,0.8282727272727274,11,6,2,3,1
2026-09-08,PG,0.32706666666666667,0.3034252681194059,0.16833333333333333,0.0,0.8316666666666667,3,2,0,1,1
2026-09-08,XOM,-0.05924117647058824,0.34195491124346994,0.08147058823529411,0.10411764705882354,0.8144117647058824,17,4,8,5,1
2026-09-09,PG,0.52895,0.4280117346522172,0.167,0.0,0.833,2,2,0,0,1
2026-09-09,XOM,0.02543571428571429,0.4087162540426809,0.14092857142857143,0.13599999999999998,0.7232142857142857,14,6,7,1,1
2026-09-10,JNJ,0.1290625,0.3779340786874522,0.1045625,0.0330625,0.862375,16,5,2,9,1
2026-09-10,PG,-0.05102000000000001,0.3668779252012855,0.0412,0.060399999999999995,0.8984,5,1,1,3,1
2026-09-10,XOM,0.04018333333333334,0.3286063929919068,0.073,0.050249999999999996,0.87675,12,4,3,5,1
2026-09-11,JNJ,0.21512222222222221,0.3690124109626185,0.19133333333333333,0.03677777777777777,0.7718888888888888,9,7,1,1,1
2026-09-11,PG,0.24166666666666667,0.2581929795069313,0.15616666666666665,0.028999999999999998,0.8148333333333334,6,4,0,2,1
2026-09-11,XOM,-0.06400714285714286,0.2596631559548631,0.023142857142857142,0.04921428571428572,0.9276428571428571,14,2,3,9,1
2026-09-12,JNJ,0.0,0.0,0.0,0.0,1.0,2,0,0,2,1
2026-09-12,XOM,-0.1971333333333333,0.17219876112601196,0.0,0.135,0.8649999999999999,3,0,2,1,1
2026-09-13,JNJ,0.29957500000000004,0.3460885471956563,0.13524999999999998,0.0,0.86475,4,2,0,2,1
2026-09-13,PG,0.3086333333333333,0.29420673570354117,0.1406666666666667,0.0,0.8593333333333333,3,2,0,1,1
2026-09-13,XOM,0.2952,0.3067921772144786,0.14566666666666667,0.0,0.8543333333333334,3,2,0,1,1
2026-09-14,JNJ,-0.022643478260869564,0.3620352491955432,0.05360869565217392,0.03660869565217391,0.9097826086956522,23,6,4,13,1
2026-09-14,PG,0.1217375,0.314736488136164,0.11175,0.052875,0.8355,8,3,1,4,1
2026-09-14,XOM,0.17004545454545453,0.26723941087959446,0.12363636363636364,0.01681818181818182,0.8594545454545455,11,4,1,6,1
2026-09-15,JNJ,-0.127275,0.2976908138768589,0.03325,0.079625,0.8870625,16,2,5,9,1
2026-09-15,PG,0.19405,0.4054824410501644,0.16175,0.0275,0.8105,4,1,0,3,1
2026-09-15,XOM,0.038427272727272734,0.5012593182992394,0.1148181818181818,0.10445454545454545,0.7807272727272726,11,4,4,3,1
2026-09-16,JNJ,0.07506923076923076,0.2508622244201499,0.09315384615384616,0.028538461538461537,0.8782307692307693,13,5,2,6,1
2026-09-16,JPM,0.27985,0.5049449524453136,0.38,0.117,0.5035000000000001,2,1,1,0,1
2026-09-16,PG,0.059199999999999996,0.3006805946515338,0.1376,0.077,0.7854,5,2,1,2,1
2026-09-16,XOM,0.11758,0.3965337153743317,0.1192,0.06393333333333333,0.8168666666666666,15,7,3,5,1
2026-09-17,JNJ,0.05992222222222221,0.2132856287808544,0.0748888888888889,0.042777777777777776,0.8823333333333333,9,2,1,6,1
2026-09-17,JPM,0.11105714285714285,0.38271307211986966,0.10747619047619048,0.03066666666666667,0.8618571428571429,21,7,4,10,1
2026-09-17,PG,0.255025,0.39255240308354583,0.14550000000000002,0.0,0.8545,4,3,0,1,1
2026-09-17,XOM,0.082225,0.3691000902071267,0.08524999999999999,0.018166666666666668,0.8965833333333334,12,3,1,8,1
2026-09-18,JNJ,0.12345,0.24957711166424432,0.072375,0.01125,0.9163749999999999,16,5,1,10,1
2026-09-18,JPM,0.09379199999999999,0.379608478040204,0.0852,0.03344,0.8813599999999999,25,7,3,15,1
2026-09-18,PG,0.094,0.410195486932755,0.11166666666666665,0.06544444444444444,0.8228888888888889,9,4,2,3,1
2026-09-18,XOM,0.060250000000000005,0.37971716740519146,0.0856,0.060899999999999996,0.8535,10,2,2,6,1
2026-09-19,JNJ,0.09196666666666665,0.44119837186160754,0.09966666666666667,0.051666666666666666,0.8486666666666666,3,1,1,1,1
2026-09-19,JPM,-0.003574999999999995,0.4754365669220939,0.15775,0.23174999999999998,0.6105,4,2,2,0,1
2026-09-19,PG,0.0,,0.0,0.0,1.0,1,0,0,1,1
2026-09-19,XOM,0.5859,,0.348,0.0,0.652,1,1,0,0,1
2026-09-20,JNJ,0.5106,,0.148,0.0,0.852,1,1,0,0,1
2026-09-20,JPM,-0.21336666666666662,0.42085914904316063,0.034999999999999996,0.17266666666666666,0.7919999999999999,3,1,2,0,1
2026-09-20,PG,0.5106,,0.148,0.0,0.852,1,1,0,0,1
2026-09-20,XOM,0.5106,,0.148,0.0,0.852,1,1,0,0,1
2026-09-21,JNJ,0.1373818181818182,0.3196821853597157,0.10099999999999999,0.02709090909090909,0.8719090909090909,11,5,2,4,1
2026-09-21,JPM,0.13310833333333333,0.35940733935148034,0.11520833333333334,0.025583333333333336,0.8592083333333332,24,9,4,11,1
2026-09-21,PG,0.32866666666666666,0.10989723988041433,0.22266666666666668,0.0,0.7773333333333333,3,3,0,0,1
2026-09-21,XOM,0.023457142857142857,0.23668073764340977,0.05252380952380952,0.04014285714285714,0.9073333333333332,21,4,4,13,1
2026-09-22,JNJ,0.20920833333333333,0.4125311766914402,0.15191666666666667,0.05791666666666667,0.79025,12,7,3,2,1
2026-09-22,JPM,0.031471428571428574,0.3735164628799218,0.09414285714285715,0.060750000000000005,0.8450714285714286,28,10,7,11,1
2026-09-22,PG,0.20308333333333337,0.16990772103311452,0.10716666666666667,0.0,0.8928333333333334,6,4,0,2,1
2026-09-22,XOM,0.022914285714285713,0.38584312195749293,0.08014285714285714,0.058,0.8618571428571428,7,2,2,3,1
2026-09-23,JNJ,0.20899090909090912,0.2699373684933061,0.10354545454545455,0.03809090909090909,0.8583636363636363,11,7,1,3,1
2026-09-23,JPM,0.071535,0.2862713384829891,0.08585000000000001,0.028800000000000003,0.8853500000000001,20,7,3,10,1
2026-09-23,PG,0.0,0.0,0.0,0.0,1.0,2,0,0,2,1
2026-09-23,XOM,-0.04075,0.48866507332618825,0.10830000000000002,0.0813,0.8105,10,3,3,4,1
2026-09-24,JNJ,0.23921428571428574,0.26677071935146235,0.15364285714285714,0.01707142857142857,0.8292857142857143,14,11,1,2,1
2026-09-24,JPM,0.19830714285714285,0.2586293976516791,0.11271428571428573,0.0,0.8872857142857143,14,6,0,8,1
2026-09-24,PG,-0.0601625,0.3377596437768812,0.049625,0.09875,0.851625,8,2,3,3,1
2026-09-24,XOM,-0.05788571428571428,0.4284597197270374,0.0652857142857143,0.057,0.8777142857142858,7,1,2,4,1
2026-09-25,JNJ,0.0331125,0.3856240999989497,0.09525,0.07718749999999999,0.8275625,16,6,5,5,1
2026-09-25,JPM,0.22497222222222224,0.4020217843169191,0.20400000000000001,0.05527777777777778,0.7407222222222223,18,10,3,5,1
2026-09-25,PG,0.037450000000000004,0.36853762223143516,0.06383333333333334,0.074,0.8621666666666666,6,2,1,3,1
2026-09-25,XOM,0.05988333333333334,0.38570888720207974,0.14516666666666667,0.07066666666666667,0.7841666666666667,6,2,2,2,1
2026-09-26,JNJ,0.4404,,0.182,0.0,0.818,1,1,0,0,1
2026-09-26,JPM,0.0,0.0,0.0,0.0,1.0,4,0,0,4,1
2026-09-26,XOM,0.32135,0.16836212460051697,0.21650000000000003,0.0,0.7835,2,2,0,0,1
2026-09-27,JNJ,0.23803333333333335,0.34757865776444524,0.20099999999999998,0.0,0.799,3,2,0,1,1
2026-09-27,JPM,-0.11315,0.1600182645825157,0.0,0.087,0.913,2,0,1,1,1
2026-09-27,PG,0.3392,0.24916683834999662,0.216,0.0,0.784,4,4,0,0,1
2026-09-27,XOM,0.10665000000000001,0.3569515886876912,0.1075,0.03125,0.86125,4,2,1,1,1
2026-09-28,AAPL,0.10910793650793651,0.31652623970196664,0.10403174603174603,0.052047619047619044,0.843968253968254,63,25,13,25,1
2026-09-28,JNJ,0.30946666666666667,0.3299911881284472,0.208,0.009583333333333334,0.7824166666666666,12,7,1,4,1
2026-09-28,JPM,0.1333235294117647,0.270236363044955,0.08523529411764706,0.013235294117647059,0.9015294117647059,17,7,1,9,1
2026-09-28,MSFT,0.02596666666666667,0.1534197998955806,0.07322222222222223,0.032777777777777774,0.8939999999999999,9,3,1,5,1
2026-09-28,PG,0.08118333333333334,0.2918640836645258,0.08225,0.022166666666666668,0.8955833333333333,12,4,2,6,1
2026-09-28,XOM,0.18476666666666666,0.29424639011420023,0.13479999999999998,0.027866666666666665,0.8373333333333334,15,7,2,6,1
2026-09-29,AAPL,0.049528985507246374,0.3388986960823376,0.08663768115942029,0.06953623188405797,0.8438115942028985,69,22,19,28,1
2026-09-29,AMZN,0.10690972222222223,0.33780758218282114,0.10777777777777778,0.05311111111111111,0.839111111111111,72,34,15,23,1
2026-09-29,GOOGL,0.09245333333333333,0.31508640165159,0.08723333333333333,0.034333333333333334,0.8784333333333334,30,12,6,12,1
2026-09-29,JNJ,0.17748750000000002,0.2461918239600629,0.10629166666666667,0.02741666666666667,0.86625,24,12,2,10,1
2026-09-29,JPM,0.13025238095238095,0.281709282096007,0.09338095238095238,0.0339047619047619,0.8727619047619047,21,8,3,10,1
2026-09-29,META,0.11764137931034482,0.3516233336740169,0.09886206896551725,0.05236206896551724,0.8487758620689655,58,25,11,22,1
2026-09-29,MSFT,0.12810104166666667,0.2810963084611437,0.08325,0.025114583333333333,0.8916354166666666,96,37,9,50,1
2026-09-29,PG,-0.007987499999999995,0.24744895252787563,0.038875,0.0605,0.9005000000000001,8,2,2,4,1
2026-09-29,XOM,0.1026235294117647,0.2767992312340566,0.08900000000000001,0.03423529411764706,0.8767647058823529,17,8,3,6,1
2026-09-30,AAPL,0.11135352112676057,0.2751034427945688,0.07880281690140845,0.03530985915492958,0.8858732394366197,71,28,9,34,1
2026-09-30,AMZN,0.10764935064935065,0.3307671778661242,0.11644155844155843,0.049194805194805194,0.8343636363636363,77,36,14,27,1
2026-09-30,GOOGL,0.10071521739130436,0.3014621299762913,0.08578260869565217,0.03227173913043478,0.8819130434782608,92,37,12,43,1
2026-09-30,JNJ,0.19260000000000002,0.3012989928242759,0.11907142857142858,0.0265,0.8544285714285714,14,7,2,5,1
2026-09-30,JPM,0.06803333333333332,0.29833619179263743,0.06561904761904762,0.05333333333333334,0.8810952380952382,21,5,5,11,1
2026-09-30,META,0.09582056074766356,0.34933869188616823,0.10339252336448598,0.057710280373831774,0.8389065420560748,107,44,20,43,1
2026-09-30,MSFT,0.0881830985915493,0.3252967370553123,0.08877464788732395,0.047140845070422537,0.864056338028169,71,27,13,31,1
2026-09-30,NVDA,0.1387342105263158,0.3136041654407548,0.0906842105263158,0.033210526315789475,0.8761052631578948,38,13,6,19,1
2026-09-30,PG,0.09734999999999999,0.16114241837579574,0.06683333333333334,0.0,0.9331666666666667,6,2,0,4,1
2026-09-30,XOM,0.0412,0.4494660747016312,0.13792857142857143,0.12035714285714286,0.7417142857142858,14,8,5,1,1
2026-10-01,AAPL,0.10094324324324323,0.3576309779806713,0.09656756756756757,0.049594594594594595,0.8538378378378378,37,13,9,15,1
2026-10-01,AMZN,0.13665833333333333,0.33061588282765797,0.1335952380952381,0.04869047619047619,0.8177142857142857,84,48,14,22,1
2026-10-01,GOOGL,0.08900092592592593,0.33051628022604534,0.0905925925925926,0.04771296296296296,0.8616944444444444,108,46,20,42,1
2026-10-01,JNJ,0.05896363636363636,0.19556025809313748,0.03918181818181818,0.0,0.9608181818181817,11,1,0,10,1
2026-10-01,JPM,0.07076842105263158,0.32863756134250116,0.1066842105263158,0.053789473684210526,0.8395263157894737,19,8,5,6,1
2026-10-01,META,0.05797808219178083,0.3490827258873426,0.0818904109589041,0.06026027397260274,0.8578630136986302,73,27,16,30,1
2026-10-01,MSFT,0.1657076923076923,0.3376716564891904,0.13138461538461538,0.044369230769230765,0.8242615384615384,65,32,10,23,1
2026-10-01,NVDA,0.0976353591160221,0.3234835037327736,0.08860220994475138,0.04347513812154696,0.8679337016574585,181,71,25,85,1
2026-10-01,PG,0.024380000000000002,0.4168701620408925,0.10859999999999999,0.058199999999999995,0.8332,5,1,1,3,1
2026-10-01,XOM,0.23807777777777778,0.37237980872282056,0.2098888888888889,0.05322222222222222,0.7368888888888888,9,6,2,1,1
2026-10-02,AAPL,0.234,0.1499066376115481,0.164,0.0765,0.7595000000000001,2,2,0,0,1
2026-10-02,AMZN,0.22110000000000002,0.36479423880684664,0.15642857142857142,0.04814285714285715,0.7954285714285714,7,5,2,0,1
2026-10-02,GOOGL,0.2667,0.19684077516924883,0.1397142857142857,0.0,0.8602857142857143,14,11,0,3,1
2026-10-02,JNJ,0.0,0.0,0.0,0.0,1.0,2,0,0,2,1
2026-10-02,JPM,0.3612,,0.2,0.0,0.8,1,1,0,0,1
2026-10-02,META,0.24193333333333333,0.21594415636146921,0.1085,0.0,0.8915000000000001,6,4,0,2,1
2026-10-02,MSFT,0.30213999999999996,0.2095478895145451,0.1366,0.0,0.8634000000000001,5,4,0,1,1
2026-10-02,NVDA,0.15578666666666668,0.35129985201105407,0.1287,0.061566666666666665,0.8097333333333334,30,14,6,10,1
