Date,ticker,Positive_Prob,Negative_Prob,Neutral_Prob,Sentiment_Score,Article_Count,Positive_Count,Negative_Count,Neutral_Count,Has_News
2026-08-09,PG,0.028932802,0.22701877,0.74404836,-0.19808598,2,0,0,2,1
2026-08-10,PG,0.27316353,0.24015853,0.48667797,0.03300499,9,3,2,4,1
2026-08-11,PG,0.1105456,0.30530342,0.584151,-0.1947578,6,0,2,4,1
2026-08-12,PG,0.59754103,0.016273558,0.3861854,0.5812674,3,2,0,1,1
2026-08-13,PG,0.4998553,0.0104024755,0.4897422,0.48945284,1,1,0,0,1
2026-08-14,PG,0.028143901,0.36328754,0.60856855,-0.33514363,4,0,1,3,1
2026-08-17,PG,0.95205545,0.022034885,0.025909629,0.9300206,2,2,0,0,1
2026-08-19,PG,0.41408458,0.17448832,0.4114271,0.23959625,4,2,0,2,1
2026-08-20,PG,0.0142611675,0.94480747,0.040931314,-0.9305463,1,0,1,0,1
2026-08-21,PG,0.32621276,0.2686576,0.40512967,0.057555184,9,3,2,4,1
2026-08-22,PG,0.21592015,0.010077696,0.77400213,0.20584245,1,0,0,1,1
2026-08-23,PG,0.2417836,0.020120667,0.7380957,0.22166294,1,0,0,1,1
2026-08-24,PG,0.38296142,0.24937153,0.36766705,0.13358988,3,1,1,1,1
2026-08-25,PG,0.037975952,0.08071526,0.8813088,-0.04273931,1,0,0,1,1
2026-08-26,PG,0.48944643,0.10040578,0.41014776,0.38904068,3,2,0,1,1
2026-08-27,PG,0.048573192,0.14246224,0.80896455,-0.09388906,3,0,0,3,1
2026-08-28,PG,0.31625167,0.04888,0.6348684,0.26737168,3,1,0,2,1
2026-08-29,PG,0.05177933,0.026331747,0.9218889,0.025447583,1,0,0,1,1
2026-08-30,PG,0.23023465,0.45580524,0.31396008,-0.22557062,2,0,1,1,1
2026-08-31,PG,0.45794648,0.15848632,0.38356724,0.29946017,7,3,1,3,1
2026-09-01,PG,0.36281627,0.19394308,0.44324067,0.16887318,11,5,2,4,1
2026-09-02,PG,0.29122993,0.27912793,0.42964214,0.012101998,18,5,5,8,1
2026-09-03,PG,0.10405223,0.3295177,0.5664301,-0.22546546,10,1,3,6,1
2026-09-04,PG,0.11719118,0.31973118,0.5630776,-0.20254,2,0,1,1,1
2026-09-06,PG,0.25655717,0.25997266,0.48347017,-0.0034154803,4,1,1,2,1
2026-09-07,PG,0.2577594,0.42974955,0.31249103,-0.17199016,8,2,4,2,1
2026-09-08,PG,0.070612006,0.032347362,0.8970406,0.038264643,3,0,0,3,1
2026-09-08,XOM,0.3587682,0.27769646,0.36353537,0.08107176,15,5,4,6,1
2026-09-09,PG,0.06838486,0.02222126,0.9093938,0.046163604,2,0,0,2,1
2026-09-09,XOM,0.47233367,0.19222715,0.33543918,0.2801065,14,7,3,4,1
2026-09-10,JNJ,0.051026177,0.07493216,0.8740417,-0.023905981,2,0,0,2,1
2026-09-10,PG,0.20764968,0.20401482,0.58833545,0.0036348836,5,1,1,3,1
2026-09-10,XOM,0.3997971,0.31518546,0.2850174,0.08461165,12,5,4,3,1
2026-09-11,JNJ,0.28267276,0.1064145,0.61091274,0.17625825,9,2,1,6,1
2026-09-11,PG,0.059597462,0.42565787,0.51474464,-0.3660604,6,0,3,3,1
2026-09-11,XOM,0.39997506,0.19369718,0.40632775,0.20627788,14,6,3,5,1
2026-09-12,JNJ,0.32132828,0.1954868,0.48318496,0.12584148,2,1,0,1,1
2026-09-12,XOM,0.1262211,0.5930771,0.28070176,-0.46685603,3,0,2,1,1
2026-09-13,JNJ,0.281228,0.20736356,0.51140845,0.07386443,4,1,1,2,1
2026-09-13,PG,0.12850596,0.2705216,0.6009724,-0.14201568,3,0,1,2,1
2026-09-13,XOM,0.3606569,0.2708991,0.36844397,0.08975778,3,1,1,1,1
2026-09-14,JNJ,0.34886882,0.12350393,0.52762717,0.22536491,23,8,2,13,1
2026-09-14,PG,0.45730487,0.02367675,0.51901835,0.4336281,8,4,0,4,1
2026-09-14,XOM,0.6798152,0.11146749,0.20871735,0.5683477,11,8,1,2,1
2026-09-15,JNJ,0.21547945,0.3767728,0.40774778,-0.16129333,16,2,7,7,1
2026-09-15,PG,0.25049847,0.0845997,0.6649018,0.16589876,4,1,0,3,1
2026-09-15,XOM,0.2289854,0.37116683,0.39984772,-0.14218146,11,3,4,4,1
2026-09-16,JNJ,0.6690562,0.038287733,0.29265612,0.6307684,13,10,0,3,1
2026-09-16,PG,0.13283083,0.23081186,0.6363573,-0.09798104,5,0,1,4,1
2026-09-16,XOM,0.47735798,0.14295061,0.3796914,0.3344074,15,7,2,6,1
2026-09-17,JNJ,0.35560372,0.2449302,0.39946613,0.11067353,9,3,2,4,1
2026-09-17,JPM,0.45564878,0.46408674,0.0802645,-0.008437951,6,3,3,0,1
2026-09-17,PG,0.4813404,0.17636001,0.34229955,0.3049804,4,2,1,1,1
2026-09-17,XOM,0.501118,0.11783839,0.38104355,0.38327965,12,7,1,4,1
2026-09-18,JNJ,0.34634486,0.20185068,0.45180446,0.14449418,16,6,3,7,1
2026-09-18,JPM,0.20450397,0.22851652,0.56697947,-0.024012541,25,5,5,15,1
2026-09-18,PG,0.32141766,0.2638279,0.41475448,0.057589777,9,3,2,4,1
2026-09-18,XOM,0.28773385,0.2754871,0.4367791,0.012246751,10,3,3,4,1
2026-09-19,JNJ,0.027936904,0.65354556,0.31851754,-0.6256087,3,0,2,1,1
2026-09-19,JPM,0.027458187,0.7686867,0.20385511,-0.7412285,4,0,3,1,1
2026-09-19,PG,0.055588473,0.023054464,0.9213571,0.03253401,1,0,0,1,1
2026-09-19,XOM,0.1286758,0.015183768,0.85614043,0.113492034,1,0,0,1,1
2026-09-20,JNJ,0.13293785,0.011898921,0.8551632,0.12103893,1,0,0,1,1
2026-09-20,JPM,0.35157087,0.4399639,0.20846526,-0.088393025,3,1,2,0,1
2026-09-20,PG,0.13293785,0.011898921,0.8551632,0.12103893,1,0,0,1,1
2026-09-20,XOM,0.13293785,0.011898921,0.8551632,0.12103893,1,0,0,1,1
2026-09-21,JNJ,0.6025579,0.29387185,0.10357029,0.30868602,11,7,4,0,1
2026-09-21,JPM,0.40619576,0.20191501,0.3918892,0.20428075,24,9,5,10,1
2026-09-21,PG,0.25586036,0.6249539,0.11918574,-0.36909357,3,1,2,0,1
2026-09-21,XOM,0.29531422,0.24233489,0.4623509,0.05297932,21,6,4,11,1
2026-09-22,JNJ,0.67974013,0.097956784,0.2223031,0.5817833,12,9,1,2,1
2026-09-22,JPM,0.41270256,0.34004095,0.24725649,0.072661586,28,12,9,7,1
2026-09-22,PG,0.29529312,0.35702828,0.34767863,-0.061735142,6,2,2,2,1
2026-09-22,XOM,0.4769917,0.12110641,0.4019018,0.3558853,7,3,1,3,1
2026-09-23,JNJ,0.40799838,0.07276002,0.5192416,0.33523834,11,4,1,6,1
2026-09-23,JPM,0.34940264,0.22694986,0.4236475,0.12245278,20,8,4,8,1
2026-09-23,PG,0.53470445,0.12788475,0.3374108,0.40681967,2,1,0,1,1
2026-09-23,XOM,0.49380875,0.12454011,0.38165116,0.3692686,10,5,1,4,1
2026-09-24,JNJ,0.3176625,0.20421453,0.47812298,0.11344799,14,3,3,8,1
2026-09-24,JPM,0.5523369,0.07209077,0.37557238,0.4802461,14,9,1,4,1
2026-09-24,PG,0.06344536,0.24820608,0.68834853,-0.18476072,8,0,2,6,1
2026-09-24,XOM,0.30677778,0.36489674,0.3283255,-0.05811894,7,2,3,2,1
2026-09-25,JNJ,0.5071697,0.14203759,0.3507927,0.36513215,15,8,2,5,1
2026-09-25,JPM,0.47603765,0.12537853,0.39858383,0.3506591,17,8,2,7,1
2026-09-25,PG,0.34919128,0.41587448,0.23493427,-0.0666832,6,2,3,1,1
2026-09-25,XOM,0.4757668,0.26607868,0.2581545,0.20968817,6,3,2,1,1
2026-09-26,JNJ,0.8105651,0.016425446,0.17300949,0.7941397,1,1,0,0,1
2026-09-26,JPM,0.21910878,0.3352218,0.4456694,-0.11611302,4,1,1,2,1
2026-09-26,XOM,0.036942583,0.45583904,0.50721836,-0.41889647,2,0,1,1,1
2026-09-27,JNJ,0.37811074,0.33823097,0.2836583,0.03987978,3,2,1,0,1
2026-09-27,JPM,0.056871288,0.1979732,0.74515545,-0.14110191,2,0,0,2,1
2026-09-27,PG,0.3065373,0.26327184,0.43019086,0.043265473,4,2,1,1,1
2026-09-27,XOM,0.3804336,0.06576061,0.5538058,0.31467298,4,1,0,3,1
2026-09-28,AAPL,0.34537008,0.17996356,0.47466642,0.1654065,26,9,3,14,1
2026-09-28,JNJ,0.31267536,0.29628363,0.391041,0.016391719,12,4,3,5,1
2026-09-28,JPM,0.28605437,0.27398002,0.4399656,0.012074337,17,5,5,7,1
2026-09-28,PG,0.18103409,0.4090533,0.40991262,-0.2280192,12,2,5,5,1
2026-09-28,XOM,0.4754729,0.36085966,0.16366743,0.11461325,15,7,6,2,1
2026-09-29,AAPL,0.2156649,0.41643247,0.36790264,-0.20076756,68,13,29,26,1
2026-09-29,JNJ,0.37445232,0.13777167,0.487776,0.23668067,24,9,2,13,1
2026-09-29,JPM,0.39424756,0.3813721,0.22438036,0.012875499,21,9,8,4,1
2026-09-29,MSFT,0.2986997,0.26226738,0.43903288,0.03643233,34,9,10,15,1
2026-09-29,PG,0.2004674,0.25886586,0.54066676,-0.05839845,8,1,2,5,1
2026-09-29,XOM,0.39987928,0.14565693,0.4544638,0.25422236,17,7,2,8,1
2026-09-30,AAPL,0.30736992,0.22148287,0.4711472,0.08588704,70,21,16,33,1
2026-09-30,AMZN,0.39063838,0.26029444,0.34906715,0.13034394,57,22,15,20,1
2026-09-30,GOOGL,0.36466077,0.19673322,0.438606,0.16792758,37,13,7,17,1
2026-09-30,JNJ,0.44126067,0.18547897,0.37326035,0.25578168,14,7,2,5,1
2026-09-30,JPM,0.44604024,0.11881527,0.43514448,0.32722497,21,9,2,10,1
2026-09-30,META,0.3375473,0.25201395,0.41043875,0.085533366,87,28,20,39,1
2026-09-30,MSFT,0.29332283,0.29057646,0.41610074,0.0027463813,71,19,20,32,1
2026-09-30,PG,0.18696195,0.180966,0.63207203,0.0059959535,6,1,1,4,1
2026-09-30,XOM,0.4615182,0.33679432,0.20168754,0.12472389,14,7,5,2,1
2026-10-01,AAPL,0.3061061,0.2376168,0.45627713,0.0684893,40,13,7,20,1
2026-10-01,AMZN,0.39124173,0.19506691,0.41369134,0.19617483,92,34,15,43,1
2026-10-01,GOOGL,0.32031792,0.27702382,0.4026582,0.04329412,120,37,32,51,1
2026-10-01,JNJ,0.34566364,0.12812321,0.52621317,0.21754043,12,4,2,6,1
2026-10-01,JPM,0.3186427,0.35111097,0.33024633,-0.03246826,22,8,7,7,1
2026-10-01,META,0.30215898,0.24459527,0.45324573,0.057563715,79,24,18,37,1
2026-10-01,MSFT,0.29811332,0.28533024,0.41655645,0.012783092,75,21,20,34,1
2026-10-01,NVDA,0.28255737,0.13961056,0.5778321,0.1429468,30,6,4,20,1
2026-10-01,PG,0.08633943,0.038420387,0.8752402,0.047919042,5,0,0,5,1
2026-10-01,XOM,0.3421324,0.4059698,0.25189784,-0.06383742,10,3,5,2,1
2026-10-02,AAPL,0.2745335,0.15717787,0.5682886,0.11735563,35,9,4,22,1
2026-10-02,AMZN,0.30616125,0.18383996,0.5099988,0.122321315,93,28,16,49,1
2026-10-02,GOOGL,0.32746357,0.17677239,0.49576405,0.1506912,86,28,13,45,1
2026-10-02,JNJ,0.30576512,0.2767149,0.41752002,0.029050224,15,5,4,6,1
2026-10-02,JPM,0.2742591,0.27173185,0.45400903,0.0025272314,16,4,4,8,1
2026-10-02,META,0.27861914,0.2343912,0.48698965,0.04422795,75,20,15,40,1
2026-10-02,MSFT,0.3073833,0.16596217,0.52665454,0.14142112,64,20,10,34,1
2026-10-02,NVDA,0.3831188,0.17769808,0.4391831,0.20542073,188,69,32,87,1
2026-10-02,PG,0.009373741,0.958701,0.03192525,-0.9493273,1,0,1,0,1
2026-10-02,XOM,0.34977752,0.325767,0.32445553,0.024010511,13,5,4,4,1
2026-10-03,AAPL,0.37164983,0.2584009,0.36994934,0.11324892,3,1,1,1,1
2026-10-03,AMZN,0.35723606,0.33125186,0.31151208,0.025984168,3,1,1,1,1
2026-10-03,GOOGL,0.4337917,0.041866496,0.52434176,0.3919252,5,3,0,2,1
2026-10-03,JPM,0.053381536,0.025383325,0.92123514,0.02799821,1,0,0,1,1
2026-10-03,META,0.385081,0.10469564,0.5102234,0.28038538,4,2,0,2,1
2026-10-03,MSFT,0.1517553,0.00944133,0.83880335,0.14231397,1,0,0,1,1
2026-10-03,NVDA,0.3170825,0.2257266,0.4571909,0.09135588,31,9,6,16,1
