Date,DGS10,DGS3MO,CPIAUCSL,UNRATE
2017-01-03,2.45,0.53,243.618,4.7
2017-01-04,2.46,0.53,243.618,4.7
2017-01-05,2.37,0.52,243.618,4.7
2017-01-06,2.42,0.53,243.618,4.7
2017-01-09,2.38,0.5,243.618,4.7
2017-01-10,2.38,0.52,243.618,4.7
2017-01-11,2.38,0.52,243.618,4.7
2017-01-12,2.36,0.52,243.618,4.7
2017-01-13,2.4,0.53,243.618,4.7
2017-01-16,2.4,0.53,243.618,4.7
2017-01-17,2.33,0.55,243.618,4.7
2017-01-18,2.42,0.53,243.618,4.7
2017-01-19,2.47,0.52,243.618,4.7
2017-01-20,2.48,0.5,243.618,4.7
2017-01-23,2.41,0.51,243.618,4.7
2017-01-24,2.47,0.51,243.618,4.7
2017-01-25,2.53,0.5,243.618,4.7
2017-01-26,2.51,0.51,243.618,4.7
2017-01-27,2.49,0.52,243.618,4.7
2017-01-30,2.49,0.51,243.618,4.7
2017-01-31,2.45,0.52,243.618,4.7
2017-02-01,2.48,0.51,244.006,4.6
2017-02-02,2.48,0.52,244.006,4.6
2017-02-03,2.49,0.51,244.006,4.6
2017-02-06,2.42,0.53,244.006,4.6
2017-02-07,2.4,0.53,244.006,4.6
2017-02-08,2.34,0.54,244.006,4.6
2017-02-09,2.4,0.54,244.006,4.6
2017-02-10,2.41,0.55,244.006,4.6
2017-02-13,2.43,0.52,244.006,4.6
2017-02-14,2.47,0.54,244.006,4.6
2017-02-15,2.51,0.54,244.006,4.6
2017-02-16,2.45,0.53,244.006,4.6
2017-02-17,2.42,0.53,244.006,4.6
2017-02-20,2.42,0.53,244.006,4.6
2017-02-21,2.43,0.53,244.006,4.6
2017-02-22,2.42,0.52,244.006,4.6
2017-02-23,2.38,0.51,244.006,4.6
2017-02-24,2.31,0.52,244.006,4.6
2017-02-27,2.36,0.5,244.006,4.6
2017-02-28,2.36,0.53,244.006,4.6
2017-03-01,2.46,0.63,243.892,4.4
2017-03-02,2.49,0.67,243.892,4.4
2017-03-03,2.49,0.71,243.892,4.4
2017-03-06,2.49,0.74,243.892,4.4
2017-03-07,2.52,0.76,243.892,4.4
2017-03-08,2.57,0.73,243.892,4.4
2017-03-09,2.6,0.73,243.892,4.4
2017-03-10,2.58,0.75,243.892,4.4
2017-03-13,2.62,0.79,243.892,4.4
2017-03-14,2.6,0.78,243.892,4.4
2017-03-15,2.51,0.73,243.892,4.4
2017-03-16,2.53,0.73,243.892,4.4
2017-03-17,2.5,0.73,243.892,4.4
2017-03-20,2.47,0.76,243.892,4.4
2017-03-21,2.43,0.77,243.892,4.4
2017-03-22,2.4,0.77,243.892,4.4
2017-03-23,2.41,0.76,243.892,4.4
2017-03-24,2.4,0.78,243.892,4.4
2017-03-27,2.38,0.78,243.892,4.4
2017-03-28,2.42,0.78,243.892,4.4
2017-03-29,2.39,0.78,243.892,4.4
2017-03-30,2.42,0.78,243.892,4.4
2017-03-31,2.4,0.76,243.892,4.4
2017-04-01,2.4,0.76,244.193,4.4
2017-04-03,2.35,0.79,244.193,4.4
2017-04-04,2.36,0.79,244.193,4.4
2017-04-05,2.34,0.8,244.193,4.4
2017-04-06,2.34,0.79,244.193,4.4
2017-04-07,2.38,0.82,244.193,4.4
2017-04-10,2.37,0.82,244.193,4.4
2017-04-11,2.32,0.82,244.193,4.4
2017-04-12,2.28,0.81,244.193,4.4
2017-04-13,2.24,0.81,244.193,4.4
2017-04-14,2.24,0.81,244.193,4.4
2017-04-17,2.26,0.83,244.193,4.4
2017-04-18,2.18,0.82,244.193,4.4
2017-04-19,2.21,0.81,244.193,4.4
2017-04-20,2.24,0.79,244.193,4.4
2017-04-21,2.24,0.79,244.193,4.4
2017-04-24,2.28,0.81,244.193,4.4
2017-04-25,2.35,0.82,244.193,4.4
2017-04-26,2.32,0.83,244.193,4.4
2017-04-27,2.3,0.81,244.193,4.4
2017-04-28,2.29,0.8,244.193,4.4
2017-05-01,2.33,0.83,244.004,4.4
2017-05-02,2.29,0.82,244.004,4.4
2017-05-03,2.33,0.85,244.004,4.4
2017-05-04,2.36,0.86,244.004,4.4
2017-05-05,2.36,0.9,244.004,4.4
2017-05-08,2.39,0.91,244.004,4.4
2017-05-09,2.42,0.91,244.004,4.4
2017-05-10,2.41,0.9,244.004,4.4
2017-05-11,2.39,0.89,244.004,4.4
2017-05-12,2.33,0.88,244.004,4.4
2017-05-15,2.34,0.9,244.004,4.4
2017-05-16,2.33,0.9,244.004,4.4
2017-05-17,2.22,0.9,244.004,4.4
2017-05-18,2.23,0.93,244.004,4.4
2017-05-19,2.23,0.92,244.004,4.4
2017-05-22,2.25,0.93,244.004,4.4
2017-05-23,2.29,0.92,244.004,4.4
2017-05-24,2.26,0.93,244.004,4.4
2017-05-25,2.25,0.94,244.004,4.4
2017-05-26,2.25,0.94,244.004,4.4
2017-05-29,2.25,0.94,244.004,4.4
2017-05-30,2.21,0.93,244.004,4.4
2017-05-31,2.21,0.98,244.004,4.4
2017-06-01,2.21,0.98,244.163,4.3
2017-06-02,2.15,0.98,244.163,4.3
2017-06-05,2.18,0.96,244.163,4.3
2017-06-06,2.14,0.97,244.163,4.3
2017-06-07,2.18,1.0,244.163,4.3
2017-06-08,2.19,1.01,244.163,4.3
2017-06-09,2.21,1.01,244.163,4.3
2017-06-12,2.21,0.98,244.163,4.3
2017-06-13,2.21,1.0,244.163,4.3
2017-06-14,2.15,1.01,244.163,4.3
2017-06-15,2.16,1.02,244.163,4.3
2017-06-16,2.16,1.03,244.163,4.3
2017-06-19,2.19,1.02,244.163,4.3
2017-06-20,2.16,1.01,244.163,4.3
2017-06-21,2.16,0.99,244.163,4.3
2017-06-22,2.15,0.96,244.163,4.3
2017-06-23,2.15,0.97,244.163,4.3
2017-06-26,2.14,0.99,244.163,4.3
2017-06-27,2.21,1.0,244.163,4.3
2017-06-28,2.22,1.02,244.163,4.3
2017-06-29,2.27,1.04,244.163,4.3
2017-06-30,2.31,1.03,244.163,4.3
2017-07-01,2.31,1.03,244.243,4.3
2017-07-03,2.35,1.06,244.243,4.3
2017-07-04,2.35,1.06,244.243,4.3
2017-07-05,2.33,1.05,244.243,4.3
2017-07-06,2.37,1.04,244.243,4.3
2017-07-07,2.39,1.05,244.243,4.3
2017-07-10,2.38,1.04,244.243,4.3
2017-07-11,2.37,1.05,244.243,4.3
2017-07-12,2.33,1.05,244.243,4.3
2017-07-13,2.35,1.05,244.243,4.3
2017-07-14,2.33,1.04,244.243,4.3
2017-07-17,2.31,1.07,244.243,4.3
2017-07-18,2.27,1.07,244.243,4.3
2017-07-19,2.27,1.11,244.243,4.3
2017-07-20,2.27,1.15,244.243,4.3
2017-07-21,2.24,1.16,244.243,4.3
2017-07-24,2.26,1.17,244.243,4.3
2017-07-25,2.33,1.18,244.243,4.3
2017-07-26,2.29,1.13,244.243,4.3
2017-07-27,2.32,1.11,244.243,4.3
2017-07-28,2.3,1.08,244.243,4.3
2017-07-31,2.3,1.07,244.243,4.3
2017-08-01,2.26,1.08,245.183,4.4
2017-08-02,2.27,1.08,245.183,4.4
2017-08-03,2.24,1.08,245.183,4.4
2017-08-04,2.27,1.08,245.183,4.4
2017-08-07,2.26,1.02,245.183,4.4
2017-08-08,2.29,1.06,245.183,4.4
2017-08-09,2.24,1.06,245.183,4.4
2017-08-10,2.2,1.05,245.183,4.4
2017-08-11,2.19,1.03,245.183,4.4
2017-08-14,2.22,1.02,245.183,4.4
2017-08-15,2.27,1.04,245.183,4.4
2017-08-16,2.23,1.02,245.183,4.4
2017-08-17,2.19,1.0,245.183,4.4
2017-08-18,2.19,1.02,245.183,4.4
2017-08-21,2.18,1.0,245.183,4.4
2017-08-22,2.22,1.0,245.183,4.4
2017-08-23,2.17,1.0,245.183,4.4
2017-08-24,2.19,1.02,245.183,4.4
2017-08-25,2.17,1.03,245.183,4.4
2017-08-28,2.16,0.98,245.183,4.4
2017-08-29,2.13,1.03,245.183,4.4
2017-08-30,2.15,1.03,245.183,4.4
2017-08-31,2.12,1.01,245.183,4.4
2017-09-01,2.16,1.02,246.435,4.3
2017-09-04,2.16,1.02,246.435,4.3
2017-09-05,2.07,1.03,246.435,4.3
2017-09-06,2.1,1.07,246.435,4.3
2017-09-07,2.05,1.05,246.435,4.3
2017-09-08,2.06,1.04,246.435,4.3
2017-09-11,2.14,1.05,246.435,4.3
2017-09-12,2.17,1.03,246.435,4.3
2017-09-13,2.2,1.04,246.435,4.3
2017-09-14,2.2,1.05,246.435,4.3
2017-09-15,2.2,1.05,246.435,4.3
2017-09-18,2.23,1.05,246.435,4.3
2017-09-19,2.24,1.04,246.435,4.3
2017-09-20,2.28,1.04,246.435,4.3
2017-09-21,2.27,1.04,246.435,4.3
2017-09-22,2.26,1.03,246.435,4.3
2017-09-25,2.22,1.05,246.435,4.3
2017-09-26,2.24,1.06,246.435,4.3
2017-09-27,2.31,1.07,246.435,4.3
2017-09-28,2.31,1.06,246.435,4.3
2017-09-29,2.33,1.06,246.435,4.3
2017-10-01,2.33,1.06,246.626,4.2
2017-10-02,2.34,1.01,246.626,4.2
2017-10-03,2.33,1.07,246.626,4.2
2017-10-04,2.33,1.08,246.626,4.2
2017-10-05,2.35,1.07,246.626,4.2
2017-10-06,2.37,1.07,246.626,4.2
2017-10-09,2.37,1.07,246.626,4.2
2017-10-10,2.35,1.08,246.626,4.2
2017-10-11,2.35,1.1,246.626,4.2
2017-10-12,2.33,1.09,246.626,4.2
2017-10-13,2.28,1.09,246.626,4.2
2017-10-16,2.3,1.1,246.626,4.2
2017-10-17,2.3,1.09,246.626,4.2
2017-10-18,2.34,1.09,246.626,4.2
2017-10-19,2.33,1.1,246.626,4.2
2017-10-20,2.39,1.11,246.626,4.2
2017-10-23,2.38,1.09,246.626,4.2
2017-10-24,2.42,1.12,246.626,4.2
2017-10-25,2.44,1.12,246.626,4.2
2017-10-26,2.46,1.11,246.626,4.2
2017-10-27,2.42,1.1,246.626,4.2
2017-10-30,2.37,1.12,246.626,4.2
2017-10-31,2.38,1.15,246.626,4.2
2017-11-01,2.37,1.18,247.284,4.2
2017-11-02,2.35,1.17,247.284,4.2
2017-11-03,2.34,1.18,247.284,4.2
2017-11-06,2.32,1.19,247.284,4.2
2017-11-07,2.32,1.22,247.284,4.2
2017-11-08,2.32,1.23,247.284,4.2
2017-11-09,2.33,1.24,247.284,4.2
2017-11-10,2.4,1.23,247.284,4.2
2017-11-13,2.4,1.24,247.284,4.2
2017-11-14,2.38,1.26,247.284,4.2
2017-11-15,2.33,1.25,247.284,4.2
2017-11-16,2.37,1.27,247.284,4.2
2017-11-17,2.35,1.29,247.284,4.2
2017-11-20,2.37,1.3,247.284,4.2
2017-11-21,2.36,1.3,247.284,4.2
2017-11-22,2.32,1.29,247.284,4.2
2017-11-23,2.32,1.29,247.284,4.2
2017-11-24,2.34,1.29,247.284,4.2
2017-11-27,2.32,1.27,247.284,4.2
2017-11-28,2.34,1.3,247.284,4.2
2017-11-29,2.37,1.29,247.284,4.2
2017-11-30,2.42,1.27,247.284,4.2
2017-12-01,2.37,1.27,247.805,4.1
2017-12-04,2.37,1.29,247.805,4.1
2017-12-05,2.36,1.3,247.805,4.1
2017-12-06,2.33,1.3,247.805,4.1
2017-12-07,2.37,1.29,247.805,4.1
2017-12-08,2.38,1.28,247.805,4.1
2017-12-11,2.39,1.33,247.805,4.1
2017-12-12,2.4,1.34,247.805,4.1
2017-12-13,2.36,1.3,247.805,4.1
2017-12-14,2.35,1.32,247.805,4.1
2017-12-15,2.35,1.31,247.805,4.1
2017-12-18,2.39,1.38,247.805,4.1
2017-12-19,2.46,1.37,247.805,4.1
2017-12-20,2.49,1.38,247.805,4.1
2017-12-21,2.48,1.35,247.805,4.1
2017-12-22,2.48,1.33,247.805,4.1
2017-12-25,2.48,1.33,247.805,4.1
2017-12-26,2.47,1.47,247.805,4.1
2017-12-27,2.42,1.44,247.805,4.1
2017-12-28,2.43,1.39,247.805,4.1
2017-12-29,2.4,1.39,247.805,4.1
2018-01-01,2.4,1.39,248.859,4.0
2018-01-02,2.46,1.44,248.859,4.0
2018-01-03,2.44,1.41,248.859,4.0
2018-01-04,2.46,1.41,248.859,4.0
2018-01-05,2.47,1.39,248.859,4.0
2018-01-08,2.49,1.45,248.859,4.0
2018-01-09,2.55,1.44,248.859,4.0
2018-01-10,2.55,1.42,248.859,4.0
2018-01-11,2.54,1.43,248.859,4.0
2018-01-12,2.55,1.43,248.859,4.0
2018-01-15,2.55,1.43,248.859,4.0
2018-01-16,2.54,1.45,248.859,4.0
2018-01-17,2.57,1.44,248.859,4.0
2018-01-18,2.62,1.45,248.859,4.0
2018-01-19,2.64,1.44,248.859,4.0
2018-01-22,2.66,1.44,248.859,4.0
2018-01-23,2.63,1.44,248.859,4.0
2018-01-24,2.65,1.43,248.859,4.0
2018-01-25,2.63,1.42,248.859,4.0
2018-01-26,2.66,1.41,248.859,4.0
2018-01-29,2.7,1.44,248.859,4.0
2018-01-30,2.73,1.44,248.859,4.0
2018-01-31,2.72,1.46,248.859,4.0
2018-02-01,2.78,1.48,249.529,4.1
2018-02-02,2.84,1.48,249.529,4.1
2018-02-05,2.77,1.51,249.529,4.1
2018-02-06,2.79,1.52,249.529,4.1
2018-02-07,2.84,1.55,249.529,4.1
2018-02-08,2.85,1.55,249.529,4.1
2018-02-09,2.83,1.55,249.529,4.1
2018-02-12,2.86,1.62,249.529,4.1
2018-02-13,2.83,1.59,249.529,4.1
2018-02-14,2.91,1.58,249.529,4.1
2018-02-15,2.9,1.58,249.529,4.1
2018-02-16,2.87,1.62,249.529,4.1
2018-02-19,2.87,1.62,249.529,4.1
2018-02-20,2.88,1.66,249.529,4.1
2018-02-21,2.94,1.64,249.529,4.1
2018-02-22,2.92,1.63,249.529,4.1
2018-02-23,2.88,1.64,249.529,4.1
2018-02-26,2.86,1.66,249.529,4.1
2018-02-27,2.9,1.66,249.529,4.1
2018-02-28,2.87,1.65,249.529,4.1
2018-03-01,2.81,1.63,249.577,4.0
2018-03-02,2.86,1.65,249.577,4.0
2018-03-05,2.88,1.7,249.577,4.0
2018-03-06,2.88,1.68,249.577,4.0
2018-03-07,2.89,1.68,249.577,4.0
2018-03-08,2.86,1.67,249.577,4.0
2018-03-09,2.9,1.67,249.577,4.0
2018-03-12,2.87,1.71,249.577,4.0
2018-03-13,2.84,1.73,249.577,4.0
2018-03-14,2.81,1.76,249.577,4.0
2018-03-15,2.82,1.77,249.577,4.0
2018-03-16,2.85,1.78,249.577,4.0
2018-03-19,2.85,1.8,249.577,4.0
2018-03-20,2.89,1.81,249.577,4.0
2018-03-21,2.89,1.74,249.577,4.0
2018-03-22,2.83,1.72,249.577,4.0
2018-03-23,2.82,1.74,249.577,4.0
2018-03-26,2.85,1.79,249.577,4.0
2018-03-27,2.78,1.77,249.577,4.0
2018-03-28,2.77,1.73,249.577,4.0
2018-03-29,2.74,1.73,249.577,4.0
2018-03-30,2.74,1.73,249.577,4.0
2018-04-01,2.74,1.73,250.227,4.0
2018-04-02,2.73,1.77,250.227,4.0
2018-04-03,2.79,1.75,250.227,4.0
2018-04-04,2.79,1.71,250.227,4.0
2018-04-05,2.83,1.72,250.227,4.0
2018-04-06,2.77,1.73,250.227,4.0
2018-04-09,2.78,1.76,250.227,4.0
2018-04-10,2.8,1.74,250.227,4.0
2018-04-11,2.79,1.73,250.227,4.0
2018-04-12,2.83,1.75,250.227,4.0
2018-04-13,2.82,1.76,250.227,4.0
2018-04-16,2.83,1.79,250.227,4.0
2018-04-17,2.82,1.8,250.227,4.0
2018-04-18,2.87,1.81,250.227,4.0
2018-04-19,2.92,1.82,250.227,4.0
2018-04-20,2.96,1.81,250.227,4.0
2018-04-23,2.98,1.87,250.227,4.0
2018-04-24,3.0,1.87,250.227,4.0
2018-04-25,3.03,1.85,250.227,4.0
2018-04-26,3.0,1.82,250.227,4.0
2018-04-27,2.96,1.82,250.227,4.0
2018-04-30,2.95,1.87,250.227,4.0
2018-05-01,2.97,1.85,250.792,3.8
2018-05-02,2.97,1.84,250.792,3.8
2018-05-03,2.94,1.84,250.792,3.8
2018-05-04,2.95,1.84,250.792,3.8
2018-05-07,2.95,1.86,250.792,3.8
2018-05-08,2.97,1.87,250.792,3.8
2018-05-09,3.0,1.88,250.792,3.8
2018-05-10,2.97,1.9,250.792,3.8
2018-05-11,2.97,1.92,250.792,3.8
2018-05-14,3.0,1.93,250.792,3.8
2018-05-15,3.08,1.92,250.792,3.8
2018-05-16,3.09,1.92,250.792,3.8
2018-05-17,3.11,1.92,250.792,3.8
2018-05-18,3.06,1.91,250.792,3.8
2018-05-21,3.06,1.93,250.792,3.8
2018-05-22,3.06,1.93,250.792,3.8
2018-05-23,3.01,1.92,250.792,3.8
2018-05-24,2.98,1.91,250.792,3.8
2018-05-25,2.93,1.9,250.792,3.8
2018-05-28,2.93,1.9,250.792,3.8
2018-05-29,2.77,1.93,250.792,3.8
2018-05-30,2.84,1.94,250.792,3.8
2018-05-31,2.83,1.93,250.792,3.8
2018-06-01,2.89,1.92,251.018,4.0
2018-06-04,2.94,1.94,251.018,4.0
2018-06-05,2.92,1.94,251.018,4.0
2018-06-06,2.97,1.95,251.018,4.0
2018-06-07,2.93,1.94,251.018,4.0
2018-06-08,2.93,1.93,251.018,4.0
2018-06-11,2.96,1.94,251.018,4.0
2018-06-12,2.96,1.92,251.018,4.0
2018-06-13,2.98,1.94,251.018,4.0
2018-06-14,2.94,1.94,251.018,4.0
2018-06-15,2.93,1.94,251.018,4.0
2018-06-18,2.92,1.94,251.018,4.0
2018-06-19,2.89,1.94,251.018,4.0
2018-06-20,2.93,1.94,251.018,4.0
2018-06-21,2.9,1.94,251.018,4.0
2018-06-22,2.9,1.93,251.018,4.0
2018-06-25,2.87,1.93,251.018,4.0
2018-06-26,2.88,1.93,251.018,4.0
2018-06-27,2.83,1.93,251.018,4.0
2018-06-28,2.84,1.93,251.018,4.0
2018-06-29,2.85,1.93,251.018,4.0
2018-07-01,2.85,1.93,251.214,3.8
2018-07-02,2.87,1.98,251.214,3.8
2018-07-03,2.83,1.98,251.214,3.8
2018-07-04,2.83,1.98,251.214,3.8
2018-07-05,2.84,1.96,251.214,3.8
2018-07-06,2.82,1.97,251.214,3.8
2018-07-09,2.86,1.98,251.214,3.8
2018-07-10,2.87,1.99,251.214,3.8
2018-07-11,2.85,1.97,251.214,3.8
2018-07-12,2.85,1.98,251.214,3.8
2018-07-13,2.83,1.98,251.214,3.8
2018-07-16,2.85,2.01,251.214,3.8
2018-07-17,2.86,2.02,251.214,3.8
2018-07-18,2.88,2.0,251.214,3.8
2018-07-19,2.84,2.0,251.214,3.8
2018-07-20,2.89,1.99,251.214,3.8
2018-07-23,2.96,1.99,251.214,3.8
2018-07-24,2.95,2.02,251.214,3.8
2018-07-25,2.94,2.01,251.214,3.8
2018-07-26,2.98,1.99,251.214,3.8
2018-07-27,2.96,2.0,251.214,3.8
2018-07-30,2.98,2.04,251.214,3.8
2018-07-31,2.96,2.03,251.214,3.8
2018-08-01,3.0,2.03,251.663,3.8
2018-08-02,2.98,2.02,251.663,3.8
2018-08-03,2.95,2.01,251.663,3.8
2018-08-06,2.94,2.05,251.663,3.8
2018-08-07,2.98,2.06,251.663,3.8
2018-08-08,2.96,2.06,251.663,3.8
2018-08-09,2.93,2.06,251.663,3.8
2018-08-10,2.87,2.05,251.663,3.8
2018-08-13,2.88,2.06,251.663,3.8
2018-08-14,2.89,2.08,251.663,3.8
2018-08-15,2.86,2.07,251.663,3.8
2018-08-16,2.87,2.07,251.663,3.8
2018-08-17,2.87,2.05,251.663,3.8
2018-08-20,2.82,2.06,251.663,3.8
2018-08-21,2.85,2.08,251.663,3.8
2018-08-22,2.82,2.09,251.663,3.8
2018-08-23,2.82,2.08,251.663,3.8
2018-08-24,2.82,2.09,251.663,3.8
2018-08-27,2.85,2.12,251.663,3.8
2018-08-28,2.88,2.13,251.663,3.8
2018-08-29,2.89,2.13,251.663,3.8
2018-08-30,2.86,2.11,251.663,3.8
2018-08-31,2.86,2.11,251.663,3.8
2018-09-01,2.86,2.11,252.182,3.7
2018-09-03,2.86,2.11,252.182,3.7
2018-09-04,2.9,2.13,252.182,3.7
2018-09-05,2.9,2.14,252.182,3.7
2018-09-06,2.88,2.13,252.182,3.7
2018-09-07,2.94,2.14,252.182,3.7
2018-09-10,2.94,2.14,252.182,3.7
2018-09-11,2.98,2.15,252.182,3.7
2018-09-12,2.97,2.16,252.182,3.7
2018-09-13,2.97,2.15,252.182,3.7
2018-09-14,2.99,2.16,252.182,3.7
2018-09-17,2.99,2.16,252.182,3.7
2018-09-18,3.05,2.17,252.182,3.7
2018-09-19,3.08,2.16,252.182,3.7
2018-09-20,3.07,2.17,252.182,3.7
2018-09-21,3.07,2.18,252.182,3.7
2018-09-24,3.08,2.22,252.182,3.7
2018-09-25,3.1,2.21,252.182,3.7
2018-09-26,3.06,2.2,252.182,3.7
2018-09-27,3.06,2.18,252.182,3.7
2018-09-28,3.05,2.19,252.182,3.7
2018-10-01,3.09,2.23,252.772,3.8
2018-10-02,3.05,2.23,252.772,3.8
2018-10-03,3.15,2.23,252.772,3.8
2018-10-04,3.19,2.22,252.772,3.8
2018-10-05,3.23,2.23,252.772,3.8
2018-10-08,3.23,2.23,252.772,3.8
2018-10-09,3.21,2.25,252.772,3.8
2018-10-10,3.22,2.27,252.772,3.8
2018-10-11,3.14,2.27,252.772,3.8
2018-10-12,3.15,2.28,252.772,3.8
2018-10-15,3.16,2.31,252.772,3.8
2018-10-16,3.16,2.3,252.772,3.8
2018-10-17,3.19,2.31,252.772,3.8
2018-10-18,3.17,2.32,252.772,3.8
2018-10-19,3.2,2.31,252.772,3.8
2018-10-22,3.2,2.34,252.772,3.8
2018-10-23,3.17,2.33,252.772,3.8
2018-10-24,3.1,2.34,252.772,3.8
2018-10-25,3.14,2.34,252.772,3.8
2018-10-26,3.08,2.33,252.772,3.8
2018-10-29,3.08,2.34,252.772,3.8
2018-10-30,3.12,2.33,252.772,3.8
2018-10-31,3.15,2.34,252.772,3.8
2018-11-01,3.14,2.32,252.594,3.8
2018-11-02,3.22,2.33,252.594,3.8
2018-11-05,3.2,2.36,252.594,3.8
2018-11-06,3.22,2.35,252.594,3.8
2018-11-07,3.22,2.37,252.594,3.8
2018-11-08,3.24,2.35,252.594,3.8
2018-11-09,3.19,2.36,252.594,3.8
2018-11-12,3.19,2.36,252.594,3.8
2018-11-13,3.14,2.38,252.594,3.8
2018-11-14,3.12,2.38,252.594,3.8
2018-11-15,3.11,2.37,252.594,3.8
2018-11-16,3.08,2.36,252.594,3.8
2018-11-19,3.06,2.38,252.594,3.8
2018-11-20,3.06,2.39,252.594,3.8
2018-11-21,3.06,2.41,252.594,3.8
2018-11-22,3.06,2.41,252.594,3.8
2018-11-23,3.05,2.41,252.594,3.8
2018-11-26,3.07,2.41,252.594,3.8
2018-11-27,3.06,2.41,252.594,3.8
2018-11-28,3.06,2.4,252.594,3.8
2018-11-29,3.03,2.37,252.594,3.8
2018-11-30,3.01,2.37,252.594,3.8
2018-12-01,3.01,2.37,252.767,3.9
2018-12-03,2.98,2.38,252.767,3.9
2018-12-04,2.91,2.42,252.767,3.9
2018-12-05,2.91,2.42,252.767,3.9
2018-12-06,2.87,2.41,252.767,3.9
2018-12-07,2.85,2.4,252.767,3.9
2018-12-10,2.85,2.41,252.767,3.9
2018-12-11,2.89,2.41,252.767,3.9
2018-12-12,2.91,2.43,252.767,3.9
2018-12-13,2.91,2.43,252.767,3.9
2018-12-14,2.89,2.42,252.767,3.9
2018-12-17,2.86,2.4,252.767,3.9
2018-12-18,2.82,2.39,252.767,3.9
2018-12-19,2.77,2.4,252.767,3.9
2018-12-20,2.79,2.39,252.767,3.9
2018-12-21,2.79,2.39,252.767,3.9
2018-12-24,2.74,2.45,252.767,3.9
2018-12-25,2.74,2.45,252.767,3.9
2018-12-26,2.81,2.44,252.767,3.9
2018-12-27,2.77,2.41,252.767,3.9
2018-12-28,2.72,2.4,252.767,3.9
2018-12-31,2.69,2.45,252.767,3.9
2019-01-01,2.69,2.45,252.561,4.0
2019-01-02,2.66,2.42,252.561,4.0
2019-01-03,2.56,2.41,252.561,4.0
2019-01-04,2.67,2.42,252.561,4.0
2019-01-07,2.7,2.45,252.561,4.0
2019-01-08,2.73,2.46,252.561,4.0
2019-01-09,2.74,2.45,252.561,4.0
2019-01-10,2.74,2.43,252.561,4.0
2019-01-11,2.71,2.43,252.561,4.0
2019-01-14,2.71,2.45,252.561,4.0
2019-01-15,2.72,2.45,252.561,4.0
2019-01-16,2.73,2.43,252.561,4.0
2019-01-17,2.75,2.42,252.561,4.0
2019-01-18,2.79,2.41,252.561,4.0
2019-01-21,2.79,2.41,252.561,4.0
2019-01-22,2.74,2.43,252.561,4.0
2019-01-23,2.76,2.41,252.561,4.0
2019-01-24,2.72,2.37,252.561,4.0
2019-01-25,2.76,2.39,252.561,4.0
2019-01-28,2.75,2.42,252.561,4.0
2019-01-29,2.72,2.42,252.561,4.0
2019-01-30,2.7,2.42,252.561,4.0
2019-01-31,2.63,2.41,252.561,4.0
2019-02-01,2.7,2.4,253.319,3.8
2019-02-04,2.73,2.42,253.319,3.8
2019-02-05,2.71,2.42,253.319,3.8
2019-02-06,2.7,2.42,253.319,3.8
2019-02-07,2.65,2.42,253.319,3.8
2019-02-08,2.63,2.43,253.319,3.8
2019-02-11,2.65,2.45,253.319,3.8
2019-02-12,2.68,2.43,253.319,3.8
2019-02-13,2.71,2.44,253.319,3.8
2019-02-14,2.66,2.43,253.319,3.8
2019-02-15,2.66,2.43,253.319,3.8
2019-02-18,2.66,2.43,253.319,3.8
2019-02-19,2.65,2.45,253.319,3.8
2019-02-20,2.65,2.45,253.319,3.8
2019-02-21,2.69,2.45,253.319,3.8
2019-02-22,2.65,2.46,253.319,3.8
2019-02-25,2.67,2.47,253.319,3.8
2019-02-26,2.64,2.45,253.319,3.8
2019-02-27,2.69,2.45,253.319,3.8
2019-02-28,2.73,2.45,253.319,3.8
2019-03-01,2.76,2.44,254.277,3.8
2019-03-04,2.72,2.46,254.277,3.8
2019-03-05,2.72,2.46,254.277,3.8
2019-03-06,2.69,2.47,254.277,3.8
2019-03-07,2.64,2.45,254.277,3.8
2019-03-08,2.62,2.46,254.277,3.8
2019-03-11,2.64,2.46,254.277,3.8
2019-03-12,2.61,2.46,254.277,3.8
2019-03-13,2.61,2.45,254.277,3.8
2019-03-14,2.63,2.45,254.277,3.8
2019-03-15,2.59,2.45,254.277,3.8
2019-03-18,2.6,2.44,254.277,3.8
2019-03-19,2.61,2.46,254.277,3.8
2019-03-20,2.54,2.48,254.277,3.8
2019-03-21,2.54,2.49,254.277,3.8
2019-03-22,2.44,2.46,254.277,3.8
2019-03-25,2.43,2.46,254.277,3.8
2019-03-26,2.41,2.46,254.277,3.8
2019-03-27,2.39,2.44,254.277,3.8
2019-03-28,2.39,2.43,254.277,3.8
2019-03-29,2.41,2.4,254.277,3.8
2019-04-01,2.49,2.43,255.233,3.7
2019-04-02,2.48,2.42,255.233,3.7
2019-04-03,2.52,2.44,255.233,3.7
2019-04-04,2.51,2.44,255.233,3.7
2019-04-05,2.5,2.44,255.233,3.7
2019-04-08,2.52,2.43,255.233,3.7
2019-04-09,2.51,2.42,255.233,3.7
2019-04-10,2.48,2.43,255.233,3.7
2019-04-11,2.51,2.43,255.233,3.7
2019-04-12,2.56,2.44,255.233,3.7
2019-04-15,2.55,2.43,255.233,3.7
2019-04-16,2.6,2.43,255.233,3.7
2019-04-17,2.59,2.44,255.233,3.7
2019-04-18,2.57,2.42,255.233,3.7
2019-04-19,2.57,2.42,255.233,3.7
2019-04-22,2.59,2.44,255.233,3.7
2019-04-23,2.57,2.45,255.233,3.7
2019-04-24,2.53,2.44,255.233,3.7
2019-04-25,2.54,2.43,255.233,3.7
2019-04-26,2.51,2.42,255.233,3.7
2019-04-29,2.54,2.44,255.233,3.7
2019-04-30,2.51,2.43,255.233,3.7
2019-05-01,2.52,2.43,255.296,3.6
2019-05-02,2.55,2.47,255.296,3.6
2019-05-03,2.54,2.43,255.296,3.6
2019-05-06,2.51,2.44,255.296,3.6
2019-05-07,2.45,2.43,255.296,3.6
2019-05-08,2.49,2.43,255.296,3.6
2019-05-09,2.45,2.43,255.296,3.6
2019-05-10,2.47,2.43,255.296,3.6
2019-05-13,2.4,2.41,255.296,3.6
2019-05-14,2.42,2.41,255.296,3.6
2019-05-15,2.37,2.42,255.296,3.6
2019-05-16,2.4,2.4,255.296,3.6
2019-05-17,2.39,2.39,255.296,3.6
2019-05-20,2.41,2.39,255.296,3.6
2019-05-21,2.43,2.39,255.296,3.6
2019-05-22,2.39,2.38,255.296,3.6
2019-05-23,2.31,2.37,255.296,3.6
2019-05-24,2.32,2.35,255.296,3.6
2019-05-27,2.32,2.35,255.296,3.6
2019-05-28,2.26,2.37,255.296,3.6
2019-05-29,2.25,2.37,255.296,3.6
2019-05-30,2.22,2.38,255.296,3.6
2019-05-31,2.14,2.35,255.296,3.6
2019-06-01,2.14,2.35,255.213,3.6
2019-06-03,2.07,2.35,255.213,3.6
2019-06-04,2.12,2.35,255.213,3.6
2019-06-05,2.12,2.35,255.213,3.6
2019-06-06,2.12,2.33,255.213,3.6
2019-06-07,2.09,2.28,255.213,3.6
2019-06-10,2.15,2.29,255.213,3.6
2019-06-11,2.15,2.27,255.213,3.6
2019-06-12,2.13,2.24,255.213,3.6
2019-06-13,2.1,2.19,255.213,3.6
2019-06-14,2.09,2.2,255.213,3.6
2019-06-17,2.09,2.23,255.213,3.6
2019-06-18,2.06,2.22,255.213,3.6
2019-06-19,2.03,2.18,255.213,3.6
2019-06-20,2.01,2.14,255.213,3.6
2019-06-21,2.07,2.11,255.213,3.6
2019-06-24,2.02,2.13,255.213,3.6
2019-06-25,2.0,2.12,255.213,3.6
2019-06-26,2.05,2.15,255.213,3.6
2019-06-27,2.01,2.14,255.213,3.6
2019-06-28,2.0,2.12,255.213,3.6
2019-07-01,2.03,2.21,255.802,3.7
2019-07-02,1.98,2.2,255.802,3.7
2019-07-03,1.96,2.21,255.802,3.7
2019-07-04,1.96,2.21,255.802,3.7
2019-07-05,2.04,2.23,255.802,3.7
2019-07-08,2.05,2.26,255.802,3.7
2019-07-09,2.07,2.26,255.802,3.7
2019-07-10,2.07,2.2,255.802,3.7
2019-07-11,2.13,2.17,255.802,3.7
2019-07-12,2.12,2.14,255.802,3.7
2019-07-15,2.09,2.16,255.802,3.7
2019-07-16,2.13,2.15,255.802,3.7
2019-07-17,2.06,2.14,255.802,3.7
2019-07-18,2.04,2.05,255.802,3.7
2019-07-19,2.05,2.06,255.802,3.7
2019-07-22,2.05,2.09,255.802,3.7
2019-07-23,2.08,2.06,255.802,3.7
2019-07-24,2.05,2.1,255.802,3.7
2019-07-25,2.08,2.1,255.802,3.7
2019-07-26,2.08,2.12,255.802,3.7
2019-07-29,2.06,2.12,255.802,3.7
2019-07-30,2.06,2.08,255.802,3.7
2019-07-31,2.02,2.08,255.802,3.7
2019-08-01,1.9,2.07,256.036,3.6
2019-08-02,1.86,2.06,256.036,3.6
2019-08-05,1.75,2.05,256.036,3.6
2019-08-06,1.73,2.05,256.036,3.6
2019-08-07,1.71,2.02,256.036,3.6
2019-08-08,1.72,2.02,256.036,3.6
2019-08-09,1.74,2.0,256.036,3.6
2019-08-12,1.65,2.0,256.036,3.6
2019-08-13,1.68,2.0,256.036,3.6
2019-08-14,1.59,1.96,256.036,3.6
2019-08-15,1.52,1.91,256.036,3.6
2019-08-16,1.55,1.87,256.036,3.6
2019-08-19,1.6,1.94,256.036,3.6
2019-08-20,1.55,1.94,256.036,3.6
2019-08-21,1.59,1.97,256.036,3.6
2019-08-22,1.62,2.0,256.036,3.6
2019-08-23,1.52,1.97,256.036,3.6
2019-08-26,1.54,2.01,256.036,3.6
2019-08-27,1.49,1.98,256.036,3.6
2019-08-28,1.47,1.99,256.036,3.6
2019-08-29,1.5,1.99,256.036,3.6
2019-08-30,1.5,1.99,256.036,3.6
2019-09-01,1.5,1.99,256.43,3.5
2019-09-02,1.5,1.99,256.43,3.5
2019-09-03,1.47,1.98,256.43,3.5
2019-09-04,1.47,1.97,256.43,3.5
2019-09-05,1.57,1.97,256.43,3.5
2019-09-06,1.55,1.96,256.43,3.5
2019-09-09,1.63,1.96,256.43,3.5
2019-09-10,1.72,1.95,256.43,3.5
2019-09-11,1.75,1.96,256.43,3.5
2019-09-12,1.79,1.95,256.43,3.5
2019-09-13,1.9,1.96,256.43,3.5
2019-09-16,1.84,1.99,256.43,3.5
2019-09-17,1.81,1.99,256.43,3.5
2019-09-18,1.8,1.95,256.43,3.5
2019-09-19,1.79,1.93,256.43,3.5
2019-09-20,1.74,1.91,256.43,3.5
2019-09-23,1.72,1.94,256.43,3.5
2019-09-24,1.64,1.92,256.43,3.5
2019-09-25,1.73,1.89,256.43,3.5
2019-09-26,1.7,1.83,256.43,3.5
2019-09-27,1.69,1.8,256.43,3.5
2019-09-30,1.68,1.88,256.43,3.5
2019-10-01,1.65,1.82,257.155,3.6
2019-10-02,1.6,1.79,257.155,3.6
2019-10-03,1.54,1.7,257.155,3.6
2019-10-04,1.52,1.71,257.155,3.6
2019-10-07,1.56,1.75,257.155,3.6
2019-10-08,1.54,1.72,257.155,3.6
2019-10-09,1.59,1.69,257.155,3.6
2019-10-10,1.67,1.68,257.155,3.6
2019-10-11,1.76,1.68,257.155,3.6
2019-10-14,1.76,1.68,257.155,3.6
2019-10-15,1.77,1.67,257.155,3.6
2019-10-16,1.75,1.66,257.155,3.6
2019-10-17,1.76,1.66,257.155,3.6
2019-10-18,1.76,1.66,257.155,3.6
2019-10-21,1.8,1.67,257.155,3.6
2019-10-22,1.78,1.65,257.155,3.6
2019-10-23,1.77,1.65,257.155,3.6
2019-10-24,1.77,1.67,257.155,3.6
2019-10-25,1.8,1.66,257.155,3.6
2019-10-28,1.85,1.65,257.155,3.6
2019-10-29,1.84,1.63,257.155,3.6
2019-10-30,1.78,1.62,257.155,3.6
2019-10-31,1.69,1.54,257.155,3.6
2019-11-01,1.73,1.52,257.879,3.6
2019-11-04,1.79,1.53,257.879,3.6
2019-11-05,1.86,1.56,257.879,3.6
2019-11-06,1.81,1.56,257.879,3.6
2019-11-07,1.92,1.56,257.879,3.6
2019-11-08,1.94,1.55,257.879,3.6
2019-11-11,1.94,1.55,257.879,3.6
2019-11-12,1.92,1.59,257.879,3.6
2019-11-13,1.88,1.57,257.879,3.6
2019-11-14,1.82,1.57,257.879,3.6
2019-11-15,1.84,1.57,257.879,3.6
2019-11-18,1.81,1.57,257.879,3.6
2019-11-19,1.79,1.57,257.879,3.6
2019-11-20,1.73,1.57,257.879,3.6
2019-11-21,1.77,1.58,257.879,3.6
2019-11-22,1.77,1.58,257.879,3.6
2019-11-25,1.76,1.61,257.879,3.6
2019-11-26,1.74,1.6,257.879,3.6
2019-11-27,1.77,1.62,257.879,3.6
2019-11-28,1.77,1.62,257.879,3.6
2019-11-29,1.78,1.59,257.879,3.6
2019-12-01,1.78,1.59,258.63,3.6
2019-12-02,1.83,1.6,258.63,3.6
2019-12-03,1.72,1.57,258.63,3.6
2019-12-04,1.77,1.55,258.63,3.6
2019-12-05,1.8,1.54,258.63,3.6
2019-12-06,1.84,1.53,258.63,3.6
2019-12-09,1.83,1.54,258.63,3.6
2019-12-10,1.85,1.56,258.63,3.6
2019-12-11,1.79,1.57,258.63,3.6
2019-12-12,1.9,1.56,258.63,3.6
2019-12-13,1.82,1.57,258.63,3.6
2019-12-16,1.89,1.57,258.63,3.6
2019-12-17,1.89,1.56,258.63,3.6
2019-12-18,1.92,1.56,258.63,3.6
2019-12-19,1.92,1.57,258.63,3.6
2019-12-20,1.92,1.58,258.63,3.6
2019-12-23,1.93,1.59,258.63,3.6
2019-12-24,1.9,1.58,258.63,3.6
2019-12-25,1.9,1.58,258.63,3.6
2019-12-26,1.9,1.58,258.63,3.6
2019-12-27,1.88,1.57,258.63,3.6
2019-12-30,1.9,1.57,258.63,3.6
2019-12-31,1.92,1.55,258.63,3.6
2020-01-01,1.92,1.55,259.127,3.6
2020-01-02,1.88,1.54,259.127,3.6
2020-01-03,1.8,1.52,259.127,3.6
2020-01-06,1.81,1.56,259.127,3.6
2020-01-07,1.83,1.54,259.127,3.6
2020-01-08,1.87,1.54,259.127,3.6
2020-01-09,1.85,1.54,259.127,3.6
2020-01-10,1.83,1.54,259.127,3.6
2020-01-13,1.85,1.57,259.127,3.6
2020-01-14,1.82,1.57,259.127,3.6
2020-01-15,1.79,1.57,259.127,3.6
2020-01-16,1.81,1.55,259.127,3.6
2020-01-17,1.84,1.56,259.127,3.6
2020-01-20,1.84,1.56,259.127,3.6
2020-01-21,1.78,1.56,259.127,3.6
2020-01-22,1.77,1.55,259.127,3.6
2020-01-23,1.74,1.55,259.127,3.6
2020-01-24,1.7,1.54,259.127,3.6
2020-01-27,1.61,1.55,259.127,3.6
2020-01-28,1.65,1.57,259.127,3.6
2020-01-29,1.6,1.56,259.127,3.6
2020-01-30,1.57,1.57,259.127,3.6
2020-01-31,1.51,1.55,259.127,3.6
2020-02-01,1.51,1.55,259.25,3.5
2020-02-03,1.54,1.57,259.25,3.5
2020-02-04,1.61,1.57,259.25,3.5
2020-02-05,1.66,1.57,259.25,3.5
2020-02-06,1.65,1.57,259.25,3.5
2020-02-07,1.59,1.56,259.25,3.5
2020-02-10,1.56,1.58,259.25,3.5
2020-02-11,1.59,1.57,259.25,3.5
2020-02-12,1.62,1.58,259.25,3.5
2020-02-13,1.61,1.59,259.25,3.5
2020-02-14,1.59,1.58,259.25,3.5
2020-02-17,1.59,1.58,259.25,3.5
2020-02-18,1.55,1.58,259.25,3.5
2020-02-19,1.56,1.58,259.25,3.5
2020-02-20,1.52,1.58,259.25,3.5
2020-02-21,1.46,1.56,259.25,3.5
2020-02-24,1.38,1.53,259.25,3.5
2020-02-25,1.33,1.53,259.25,3.5
2020-02-26,1.33,1.53,259.25,3.5
2020-02-27,1.3,1.45,259.25,3.5
2020-02-28,1.13,1.27,259.25,3.5
2020-03-01,1.13,1.27,258.076,4.4
2020-03-02,1.1,1.13,258.076,4.4
2020-03-03,1.02,0.95,258.076,4.4
2020-03-04,1.02,0.72,258.076,4.4
2020-03-05,0.92,0.62,258.076,4.4
2020-03-06,0.74,0.45,258.076,4.4
2020-03-09,0.54,0.33,258.076,4.4
2020-03-10,0.76,0.44,258.076,4.4
2020-03-11,0.82,0.42,258.076,4.4
2020-03-12,0.88,0.33,258.076,4.4
2020-03-13,0.94,0.28,258.076,4.4
2020-03-16,0.73,0.24,258.076,4.4
2020-03-17,1.02,0.19,258.076,4.4
2020-03-18,1.18,0.02,258.076,4.4
2020-03-19,1.12,0.04,258.076,4.4
2020-03-20,0.92,0.05,258.076,4.4
2020-03-23,0.76,0.02,258.076,4.4
2020-03-24,0.84,0.01,258.076,4.4
2020-03-25,0.88,0.0,258.076,4.4
2020-03-26,0.83,0.0,258.076,4.4
2020-03-27,0.72,0.03,258.076,4.4
2020-03-30,0.7,0.12,258.076,4.4
2020-03-31,0.7,0.11,258.076,4.4
2020-04-01,0.62,0.09,256.032,14.8
2020-04-02,0.63,0.09,256.032,14.8
2020-04-03,0.62,0.1,256.032,14.8
2020-04-06,0.67,0.15,256.032,14.8
2020-04-07,0.75,0.14,256.032,14.8
2020-04-08,0.77,0.22,256.032,14.8
2020-04-09,0.73,0.25,256.032,14.8
2020-04-10,0.73,0.25,256.032,14.8
2020-04-13,0.76,0.26,256.032,14.8
2020-04-14,0.76,0.2,256.032,14.8
2020-04-15,0.63,0.14,256.032,14.8
2020-04-16,0.61,0.14,256.032,14.8
2020-04-17,0.65,0.12,256.032,14.8
2020-04-20,0.63,0.12,256.032,14.8
2020-04-21,0.58,0.11,256.032,14.8
2020-04-22,0.63,0.12,256.032,14.8
2020-04-23,0.61,0.11,256.032,14.8
2020-04-24,0.6,0.12,256.032,14.8
2020-04-27,0.67,0.12,256.032,14.8
2020-04-28,0.62,0.11,256.032,14.8
2020-04-29,0.63,0.1,256.032,14.8
2020-04-30,0.64,0.09,256.032,14.8
2020-05-01,0.64,0.12,255.802,13.2
2020-05-04,0.64,0.13,255.802,13.2
2020-05-05,0.66,0.13,255.802,13.2
2020-05-06,0.72,0.12,255.802,13.2
2020-05-07,0.63,0.11,255.802,13.2
2020-05-08,0.69,0.12,255.802,13.2
2020-05-11,0.73,0.12,255.802,13.2
2020-05-12,0.69,0.13,255.802,13.2
2020-05-13,0.64,0.13,255.802,13.2
2020-05-14,0.63,0.12,255.802,13.2
2020-05-15,0.64,0.12,255.802,13.2
2020-05-18,0.73,0.13,255.802,13.2
2020-05-19,0.7,0.13,255.802,13.2
2020-05-20,0.68,0.12,255.802,13.2
2020-05-21,0.68,0.12,255.802,13.2
2020-05-22,0.66,0.12,255.802,13.2
2020-05-25,0.66,0.12,255.802,13.2
2020-05-26,0.69,0.14,255.802,13.2
2020-05-27,0.68,0.15,255.802,13.2
2020-05-28,0.7,0.15,255.802,13.2
2020-05-29,0.65,0.14,255.802,13.2
2020-06-01,0.66,0.14,257.042,11.0
2020-06-02,0.68,0.15,257.042,11.0
2020-06-03,0.77,0.16,257.042,11.0
2020-06-04,0.82,0.15,257.042,11.0
2020-06-05,0.91,0.15,257.042,11.0
2020-06-08,0.88,0.17,257.042,11.0
2020-06-09,0.84,0.19,257.042,11.0
2020-06-10,0.75,0.17,257.042,11.0
2020-06-11,0.66,0.17,257.042,11.0
2020-06-12,0.71,0.16,257.042,11.0
2020-06-15,0.71,0.18,257.042,11.0
2020-06-16,0.75,0.17,257.042,11.0
2020-06-17,0.74,0.17,257.042,11.0
2020-06-18,0.71,0.16,257.042,11.0
2020-06-19,0.7,0.15,257.042,11.0
2020-06-22,0.71,0.16,257.042,11.0
2020-06-23,0.72,0.16,257.042,11.0
2020-06-24,0.69,0.15,257.042,11.0
2020-06-25,0.68,0.16,257.042,11.0
2020-06-26,0.64,0.14,257.042,11.0
2020-06-29,0.64,0.14,257.042,11.0
2020-06-30,0.66,0.16,257.042,11.0
2020-07-01,0.69,0.14,258.352,10.2
2020-07-02,0.68,0.14,258.352,10.2
2020-07-03,0.68,0.14,258.352,10.2
2020-07-06,0.69,0.15,258.352,10.2
2020-07-07,0.65,0.15,258.352,10.2
2020-07-08,0.67,0.15,258.352,10.2
2020-07-09,0.62,0.13,258.352,10.2
2020-07-10,0.65,0.13,258.352,10.2
2020-07-13,0.64,0.14,258.352,10.2
2020-07-14,0.63,0.15,258.352,10.2
2020-07-15,0.64,0.16,258.352,10.2
2020-07-16,0.62,0.11,258.352,10.2
2020-07-17,0.64,0.11,258.352,10.2
2020-07-20,0.62,0.13,258.352,10.2
2020-07-21,0.61,0.13,258.352,10.2
2020-07-22,0.6,0.13,258.352,10.2
2020-07-23,0.59,0.12,258.352,10.2
2020-07-24,0.59,0.11,258.352,10.2
2020-07-27,0.62,0.11,258.352,10.2
2020-07-28,0.59,0.11,258.352,10.2
2020-07-29,0.58,0.11,258.352,10.2
2020-07-30,0.55,0.09,258.352,10.2
2020-07-31,0.55,0.09,258.352,10.2
2020-08-01,0.55,0.09,259.316,8.4
2020-08-03,0.56,0.1,259.316,8.4
2020-08-04,0.52,0.09,259.316,8.4
2020-08-05,0.55,0.1,259.316,8.4
2020-08-06,0.55,0.1,259.316,8.4
2020-08-07,0.57,0.1,259.316,8.4
2020-08-10,0.59,0.11,259.316,8.4
2020-08-11,0.64,0.11,259.316,8.4
2020-08-12,0.69,0.11,259.316,8.4
2020-08-13,0.71,0.1,259.316,8.4
2020-08-14,0.71,0.1,259.316,8.4
2020-08-17,0.69,0.1,259.316,8.4
2020-08-18,0.67,0.09,259.316,8.4
2020-08-19,0.68,0.11,259.316,8.4
2020-08-20,0.65,0.11,259.316,8.4
2020-08-21,0.64,0.1,259.316,8.4
2020-08-24,0.65,0.12,259.316,8.4
2020-08-25,0.69,0.11,259.316,8.4
2020-08-26,0.69,0.11,259.316,8.4
2020-08-27,0.74,0.11,259.316,8.4
2020-08-28,0.74,0.1,259.316,8.4
2020-08-31,0.72,0.11,259.316,8.4
2020-09-01,0.68,0.12,259.997,7.8
2020-09-02,0.66,0.12,259.997,7.8
2020-09-03,0.63,0.11,259.997,7.8
2020-09-04,0.72,0.11,259.997,7.8
2020-09-07,0.72,0.11,259.997,7.8
2020-09-08,0.69,0.13,259.997,7.8
2020-09-09,0.71,0.12,259.997,7.8
2020-09-10,0.68,0.12,259.997,7.8
2020-09-11,0.67,0.11,259.997,7.8
2020-09-14,0.68,0.11,259.997,7.8
2020-09-15,0.68,0.11,259.997,7.8
2020-09-16,0.69,0.12,259.997,7.8
2020-09-17,0.69,0.09,259.997,7.8
2020-09-18,0.7,0.1,259.997,7.8
2020-09-21,0.68,0.1,259.997,7.8
2020-09-22,0.68,0.1,259.997,7.8
2020-09-23,0.68,0.11,259.997,7.8
2020-09-24,0.67,0.1,259.997,7.8
2020-09-25,0.66,0.1,259.997,7.8
2020-09-28,0.67,0.11,259.997,7.8
2020-09-29,0.66,0.09,259.997,7.8
2020-09-30,0.69,0.1,259.997,7.8
2020-10-01,0.68,0.09,260.319,6.9
2020-10-02,0.7,0.09,260.319,6.9
2020-10-05,0.78,0.1,260.319,6.9
2020-10-06,0.76,0.1,260.319,6.9
2020-10-07,0.81,0.1,260.319,6.9
2020-10-08,0.78,0.09,260.319,6.9
2020-10-09,0.79,0.1,260.319,6.9
2020-10-12,0.79,0.1,260.319,6.9
2020-10-13,0.74,0.11,260.319,6.9
2020-10-14,0.73,0.12,260.319,6.9
2020-10-15,0.74,0.11,260.319,6.9
2020-10-16,0.76,0.11,260.319,6.9
2020-10-19,0.78,0.11,260.319,6.9
2020-10-20,0.81,0.1,260.319,6.9
2020-10-21,0.83,0.1,260.319,6.9
2020-10-22,0.87,0.09,260.319,6.9
2020-10-23,0.85,0.1,260.319,6.9
2020-10-26,0.81,0.11,260.319,6.9
2020-10-27,0.79,0.1,260.319,6.9
2020-10-28,0.79,0.1,260.319,6.9
2020-10-29,0.85,0.09,260.319,6.9
2020-10-30,0.88,0.09,260.319,6.9
2020-11-01,0.88,0.09,260.911,6.7
2020-11-02,0.87,0.09,260.911,6.7
2020-11-03,0.9,0.1,260.911,6.7
2020-11-04,0.78,0.1,260.911,6.7
2020-11-05,0.79,0.1,260.911,6.7
2020-11-06,0.83,0.1,260.911,6.7
2020-11-09,0.96,0.11,260.911,6.7
2020-11-10,0.98,0.1,260.911,6.7
2020-11-11,0.98,0.1,260.911,6.7
2020-11-12,0.88,0.1,260.911,6.7
2020-11-13,0.89,0.09,260.911,6.7
2020-11-16,0.91,0.09,260.911,6.7
2020-11-17,0.87,0.09,260.911,6.7
2020-11-18,0.88,0.09,260.911,6.7
2020-11-19,0.86,0.07,260.911,6.7
2020-11-20,0.83,0.07,260.911,6.7
2020-11-23,0.86,0.08,260.911,6.7
2020-11-24,0.88,0.09,260.911,6.7
2020-11-25,0.88,0.09,260.911,6.7
2020-11-26,0.88,0.09,260.911,6.7
2020-11-27,0.84,0.09,260.911,6.7
2020-11-30,0.84,0.08,260.911,6.7
2020-12-01,0.92,0.09,262.045,6.7
2020-12-02,0.95,0.09,262.045,6.7
2020-12-03,0.92,0.08,262.045,6.7
2020-12-04,0.97,0.09,262.045,6.7
2020-12-07,0.94,0.08,262.045,6.7
2020-12-08,0.92,0.09,262.045,6.7
2020-12-09,0.95,0.08,262.045,6.7
2020-12-10,0.92,0.08,262.045,6.7
2020-12-11,0.9,0.08,262.045,6.7
2020-12-14,0.9,0.09,262.045,6.7
2020-12-15,0.92,0.08,262.045,6.7
2020-12-16,0.92,0.09,262.045,6.7
2020-12-17,0.94,0.08,262.045,6.7
2020-12-18,0.95,0.08,262.045,6.7
2020-12-21,0.95,0.09,262.045,6.7
2020-12-22,0.93,0.09,262.045,6.7
2020-12-23,0.96,0.09,262.045,6.7
2020-12-24,0.94,0.09,262.045,6.7
2020-12-25,0.94,0.09,262.045,6.7
2020-12-28,0.94,0.11,262.045,6.7
2020-12-29,0.94,0.1,262.045,6.7
2020-12-30,0.93,0.08,262.045,6.7
2020-12-31,0.93,0.09,262.045,6.7
2021-01-01,0.93,0.09,262.687,6.4
2021-01-04,0.93,0.09,262.687,6.4
2021-01-05,0.96,0.09,262.687,6.4
2021-01-06,1.04,0.09,262.687,6.4
2021-01-07,1.08,0.09,262.687,6.4
2021-01-08,1.13,0.08,262.687,6.4
2021-01-11,1.15,0.08,262.687,6.4
2021-01-12,1.15,0.09,262.687,6.4
2021-01-13,1.1,0.09,262.687,6.4
2021-01-14,1.15,0.09,262.687,6.4
2021-01-15,1.11,0.09,262.687,6.4
2021-01-18,1.11,0.09,262.687,6.4
2021-01-19,1.1,0.09,262.687,6.4
2021-01-20,1.1,0.08,262.687,6.4
2021-01-21,1.12,0.09,262.687,6.4
2021-01-22,1.1,0.08,262.687,6.4
2021-01-25,1.05,0.09,262.687,6.4
2021-01-26,1.05,0.07,262.687,6.4
2021-01-27,1.04,0.08,262.687,6.4
2021-01-28,1.07,0.07,262.687,6.4
2021-01-29,1.11,0.06,262.687,6.4
2021-02-01,1.09,0.07,263.579,6.2
2021-02-02,1.12,0.07,263.579,6.2
2021-02-03,1.15,0.04,263.579,6.2
2021-02-04,1.15,0.04,263.579,6.2
2021-02-05,1.19,0.03,263.579,6.2
2021-02-08,1.19,0.05,263.579,6.2
2021-02-09,1.18,0.04,263.579,6.2
2021-02-10,1.15,0.05,263.579,6.2
2021-02-11,1.16,0.05,263.579,6.2
2021-02-12,1.2,0.04,263.579,6.2
2021-02-15,1.2,0.04,263.579,6.2
2021-02-16,1.3,0.04,263.579,6.2
2021-02-17,1.29,0.04,263.579,6.2
2021-02-18,1.29,0.03,263.579,6.2
2021-02-19,1.34,0.04,263.579,6.2
2021-02-22,1.37,0.03,263.579,6.2
2021-02-23,1.37,0.04,263.579,6.2
2021-02-24,1.38,0.03,263.579,6.2
2021-02-25,1.54,0.04,263.579,6.2
2021-02-26,1.44,0.04,263.579,6.2
2021-03-01,1.45,0.05,264.961,6.1
2021-03-02,1.42,0.04,264.961,6.1
2021-03-03,1.47,0.05,264.961,6.1
2021-03-04,1.54,0.04,264.961,6.1
2021-03-05,1.56,0.04,264.961,6.1
2021-03-08,1.59,0.05,264.961,6.1
2021-03-09,1.55,0.05,264.961,6.1
2021-03-10,1.53,0.04,264.961,6.1
2021-03-11,1.54,0.04,264.961,6.1
2021-03-12,1.64,0.04,264.961,6.1
2021-03-15,1.62,0.04,264.961,6.1
2021-03-16,1.62,0.02,264.961,6.1
2021-03-17,1.63,0.02,264.961,6.1
2021-03-18,1.71,0.01,264.961,6.1
2021-03-19,1.74,0.01,264.961,6.1
2021-03-22,1.69,0.03,264.961,6.1
2021-03-23,1.63,0.01,264.961,6.1
2021-03-24,1.62,0.02,264.961,6.1
2021-03-25,1.63,0.02,264.961,6.1
2021-03-26,1.67,0.02,264.961,6.1
2021-03-29,1.73,0.03,264.961,6.1
2021-03-30,1.73,0.02,264.961,6.1
2021-03-31,1.74,0.03,264.961,6.1
2021-04-01,1.69,0.02,266.614,6.1
2021-04-02,1.72,0.02,266.614,6.1
2021-04-05,1.73,0.03,266.614,6.1
2021-04-06,1.67,0.02,266.614,6.1
2021-04-07,1.68,0.02,266.614,6.1
2021-04-08,1.64,0.01,266.614,6.1
2021-04-09,1.67,0.02,266.614,6.1
2021-04-12,1.69,0.02,266.614,6.1
2021-04-13,1.64,0.03,266.614,6.1
2021-04-14,1.64,0.02,266.614,6.1
2021-04-15,1.56,0.02,266.614,6.1
2021-04-16,1.59,0.02,266.614,6.1
2021-04-19,1.61,0.02,266.614,6.1
2021-04-20,1.58,0.03,266.614,6.1
2021-04-21,1.57,0.03,266.614,6.1
2021-04-22,1.57,0.03,266.614,6.1
2021-04-23,1.58,0.03,266.614,6.1
2021-04-26,1.58,0.03,266.614,6.1
2021-04-27,1.63,0.01,266.614,6.1
2021-04-28,1.63,0.01,266.614,6.1
2021-04-29,1.65,0.01,266.614,6.1
2021-04-30,1.65,0.01,266.614,6.1
2021-05-01,1.65,0.01,268.383,5.8
2021-05-03,1.63,0.04,268.383,5.8
2021-05-04,1.61,0.02,268.383,5.8
2021-05-05,1.59,0.02,268.383,5.8
2021-05-06,1.58,0.02,268.383,5.8
2021-05-07,1.6,0.02,268.383,5.8
2021-05-10,1.63,0.02,268.383,5.8
2021-05-11,1.64,0.01,268.383,5.8
2021-05-12,1.69,0.02,268.383,5.8
2021-05-13,1.66,0.02,268.383,5.8
2021-05-14,1.63,0.01,268.383,5.8
2021-05-17,1.64,0.02,268.383,5.8
2021-05-18,1.64,0.02,268.383,5.8
2021-05-19,1.68,0.01,268.383,5.8
2021-05-20,1.63,0.01,268.383,5.8
2021-05-21,1.63,0.01,268.383,5.8
2021-05-24,1.61,0.02,268.383,5.8
2021-05-25,1.56,0.02,268.383,5.8
2021-05-26,1.58,0.02,268.383,5.8
2021-05-27,1.61,0.02,268.383,5.8
2021-05-28,1.58,0.01,268.383,5.8
2021-05-31,1.58,0.01,268.383,5.8
2021-06-01,1.62,0.02,270.654,5.9
2021-06-02,1.59,0.02,270.654,5.9
2021-06-03,1.63,0.02,270.654,5.9
2021-06-04,1.56,0.02,270.654,5.9
2021-06-07,1.57,0.02,270.654,5.9
2021-06-08,1.53,0.02,270.654,5.9
2021-06-09,1.5,0.03,270.654,5.9
2021-06-10,1.45,0.03,270.654,5.9
2021-06-11,1.47,0.03,270.654,5.9
2021-06-14,1.51,0.03,270.654,5.9
2021-06-15,1.51,0.03,270.654,5.9
2021-06-16,1.57,0.04,270.654,5.9
2021-06-17,1.52,0.04,270.654,5.9
2021-06-18,1.45,0.05,270.654,5.9
2021-06-21,1.5,0.05,270.654,5.9
2021-06-22,1.48,0.04,270.654,5.9
2021-06-23,1.5,0.05,270.654,5.9
2021-06-24,1.49,0.05,270.654,5.9
2021-06-25,1.54,0.06,270.654,5.9
2021-06-28,1.49,0.05,270.654,5.9
2021-06-29,1.49,0.04,270.654,5.9
2021-06-30,1.45,0.05,270.654,5.9
2021-07-01,1.48,0.05,271.903,5.4
2021-07-02,1.44,0.05,271.903,5.4
2021-07-05,1.44,0.05,271.903,5.4
2021-07-06,1.37,0.05,271.903,5.4
2021-07-07,1.33,0.05,271.903,5.4
2021-07-08,1.3,0.06,271.903,5.4
2021-07-09,1.37,0.06,271.903,5.4
2021-07-12,1.38,0.05,271.903,5.4
2021-07-13,1.42,0.05,271.903,5.4
2021-07-14,1.37,0.06,271.903,5.4
2021-07-15,1.31,0.05,271.903,5.4
2021-07-16,1.31,0.05,271.903,5.4
2021-07-19,1.19,0.05,271.903,5.4
2021-07-20,1.23,0.05,271.903,5.4
2021-07-21,1.3,0.05,271.903,5.4
2021-07-22,1.27,0.05,271.903,5.4
2021-07-23,1.3,0.05,271.903,5.4
2021-07-26,1.29,0.05,271.903,5.4
2021-07-27,1.25,0.05,271.903,5.4
2021-07-28,1.26,0.05,271.903,5.4
2021-07-29,1.28,0.06,271.903,5.4
2021-07-30,1.24,0.06,271.903,5.4
2021-08-01,1.24,0.06,272.676,5.1
2021-08-02,1.2,0.05,272.676,5.1
2021-08-03,1.19,0.05,272.676,5.1
2021-08-04,1.19,0.05,272.676,5.1
2021-08-05,1.23,0.05,272.676,5.1
2021-08-06,1.31,0.06,272.676,5.1
2021-08-09,1.33,0.06,272.676,5.1
2021-08-10,1.36,0.05,272.676,5.1
2021-08-11,1.35,0.05,272.676,5.1
2021-08-12,1.36,0.06,272.676,5.1
2021-08-13,1.29,0.06,272.676,5.1
2021-08-16,1.26,0.06,272.676,5.1
2021-08-17,1.26,0.07,272.676,5.1
2021-08-18,1.27,0.07,272.676,5.1
2021-08-19,1.24,0.06,272.676,5.1
2021-08-20,1.26,0.05,272.676,5.1
2021-08-23,1.25,0.05,272.676,5.1
2021-08-24,1.29,0.05,272.676,5.1
2021-08-25,1.35,0.06,272.676,5.1
2021-08-26,1.34,0.05,272.676,5.1
2021-08-27,1.31,0.05,272.676,5.1
2021-08-30,1.29,0.05,272.676,5.1
2021-08-31,1.3,0.04,272.676,5.1
2021-09-01,1.31,0.05,273.91,4.7
2021-09-02,1.29,0.05,273.91,4.7
2021-09-03,1.33,0.05,273.91,4.7
2021-09-06,1.33,0.05,273.91,4.7
2021-09-07,1.38,0.05,273.91,4.7
2021-09-08,1.35,0.05,273.91,4.7
2021-09-09,1.3,0.04,273.91,4.7
2021-09-10,1.35,0.05,273.91,4.7
2021-09-13,1.33,0.06,273.91,4.7
2021-09-14,1.28,0.04,273.91,4.7
2021-09-15,1.31,0.04,273.91,4.7
2021-09-16,1.34,0.04,273.91,4.7
2021-09-17,1.37,0.04,273.91,4.7
2021-09-20,1.31,0.04,273.91,4.7
2021-09-21,1.33,0.03,273.91,4.7
2021-09-22,1.32,0.03,273.91,4.7
2021-09-23,1.41,0.03,273.91,4.7
2021-09-24,1.47,0.03,273.91,4.7
2021-09-27,1.48,0.04,273.91,4.7
2021-09-28,1.54,0.04,273.91,4.7
2021-09-29,1.55,0.04,273.91,4.7
2021-09-30,1.52,0.04,273.91,4.7
2021-10-01,1.48,0.04,276.55,4.5
2021-10-04,1.49,0.04,276.55,4.5
2021-10-05,1.54,0.04,276.55,4.5
2021-10-06,1.53,0.04,276.55,4.5
2021-10-07,1.58,0.05,276.55,4.5
2021-10-08,1.61,0.05,276.55,4.5
2021-10-11,1.61,0.05,276.55,4.5
2021-10-12,1.59,0.06,276.55,4.5
2021-10-13,1.56,0.05,276.55,4.5
2021-10-14,1.52,0.05,276.55,4.5
2021-10-15,1.59,0.05,276.55,4.5
2021-10-18,1.59,0.06,276.55,4.5
2021-10-19,1.65,0.05,276.55,4.5
2021-10-20,1.65,0.05,276.55,4.5
2021-10-21,1.68,0.06,276.55,4.5
2021-10-22,1.66,0.06,276.55,4.5
2021-10-25,1.64,0.06,276.55,4.5
2021-10-26,1.63,0.06,276.55,4.5
2021-10-27,1.54,0.06,276.55,4.5
2021-10-28,1.57,0.06,276.55,4.5
2021-10-29,1.55,0.05,276.55,4.5
2021-11-01,1.58,0.05,278.919,4.1
2021-11-02,1.56,0.05,278.919,4.1
2021-11-03,1.6,0.05,278.919,4.1
2021-11-04,1.53,0.04,278.919,4.1
2021-11-05,1.45,0.05,278.919,4.1
2021-11-08,1.51,0.06,278.919,4.1
2021-11-09,1.46,0.04,278.919,4.1
2021-11-10,1.56,0.05,278.919,4.1
2021-11-11,1.56,0.05,278.919,4.1
2021-11-12,1.58,0.05,278.919,4.1
2021-11-15,1.63,0.05,278.919,4.1
2021-11-16,1.63,0.05,278.919,4.1
2021-11-17,1.6,0.05,278.919,4.1
2021-11-18,1.59,0.05,278.919,4.1
2021-11-19,1.54,0.05,278.919,4.1
2021-11-22,1.63,0.05,278.919,4.1
2021-11-23,1.67,0.06,278.919,4.1
2021-11-24,1.64,0.06,278.919,4.1
2021-11-25,1.64,0.06,278.919,4.1
2021-11-26,1.48,0.06,278.919,4.1
2021-11-29,1.52,0.06,278.919,4.1
2021-11-30,1.43,0.05,278.919,4.1
2021-12-01,1.43,0.06,280.845,3.9
2021-12-02,1.44,0.05,280.845,3.9
2021-12-03,1.35,0.06,280.845,3.9
2021-12-06,1.43,0.05,280.845,3.9
2021-12-07,1.48,0.06,280.845,3.9
2021-12-08,1.52,0.07,280.845,3.9
2021-12-09,1.49,0.06,280.845,3.9
2021-12-10,1.48,0.06,280.845,3.9
2021-12-13,1.42,0.05,280.845,3.9
2021-12-14,1.44,0.05,280.845,3.9
2021-12-15,1.47,0.05,280.845,3.9
2021-12-16,1.44,0.05,280.845,3.9
2021-12-17,1.41,0.05,280.845,3.9
2021-12-20,1.43,0.07,280.845,3.9
2021-12-21,1.48,0.07,280.845,3.9
2021-12-22,1.46,0.08,280.845,3.9
2021-12-23,1.5,0.07,280.845,3.9
2021-12-24,1.5,0.07,280.845,3.9
2021-12-27,1.48,0.06,280.845,3.9
2021-12-28,1.49,0.06,280.845,3.9
2021-12-29,1.55,0.05,280.845,3.9
2021-12-30,1.52,0.05,280.845,3.9
2021-12-31,1.52,0.06,280.845,3.9
2022-01-01,1.52,0.06,282.543,4.0
2022-01-03,1.63,0.08,282.543,4.0
2022-01-04,1.66,0.08,282.543,4.0
2022-01-05,1.71,0.09,282.543,4.0
2022-01-06,1.73,0.1,282.543,4.0
2022-01-07,1.76,0.1,282.543,4.0
2022-01-10,1.78,0.13,282.543,4.0
2022-01-11,1.75,0.11,282.543,4.0
2022-01-12,1.74,0.12,282.543,4.0
2022-01-13,1.7,0.12,282.543,4.0
2022-01-14,1.78,0.13,282.543,4.0
2022-01-17,1.78,0.13,282.543,4.0
2022-01-18,1.87,0.16,282.543,4.0
2022-01-19,1.83,0.17,282.543,4.0
2022-01-20,1.83,0.17,282.543,4.0
2022-01-21,1.75,0.17,282.543,4.0
2022-01-24,1.75,0.19,282.543,4.0
2022-01-25,1.78,0.19,282.543,4.0
2022-01-26,1.85,0.19,282.543,4.0
2022-01-27,1.81,0.2,282.543,4.0
2022-01-28,1.78,0.19,282.543,4.0
2022-01-31,1.79,0.22,282.543,4.0
2022-02-01,1.81,0.19,284.5,3.9
2022-02-02,1.78,0.19,284.5,3.9
2022-02-03,1.82,0.2,284.5,3.9
2022-02-04,1.93,0.23,284.5,3.9
2022-02-07,1.92,0.27,284.5,3.9
2022-02-08,1.96,0.25,284.5,3.9
2022-02-09,1.94,0.26,284.5,3.9
2022-02-10,2.03,0.4,284.5,3.9
2022-02-11,1.92,0.36,284.5,3.9
2022-02-14,1.98,0.43,284.5,3.9
2022-02-15,2.05,0.4,284.5,3.9
2022-02-16,2.03,0.38,284.5,3.9
2022-02-17,1.97,0.36,284.5,3.9
2022-02-18,1.92,0.35,284.5,3.9
2022-02-21,1.92,0.35,284.5,3.9
2022-02-22,1.94,0.37,284.5,3.9
2022-02-23,1.99,0.34,284.5,3.9
2022-02-24,1.96,0.32,284.5,3.9
2022-02-25,1.97,0.33,284.5,3.9
2022-02-28,1.83,0.35,284.5,3.9
2022-03-01,1.72,0.32,287.674,3.7
2022-03-02,1.86,0.34,287.674,3.7
2022-03-03,1.86,0.38,287.674,3.7
2022-03-04,1.74,0.34,287.674,3.7
2022-03-07,1.78,0.38,287.674,3.7
2022-03-08,1.86,0.36,287.674,3.7
2022-03-09,1.94,0.38,287.674,3.7
2022-03-10,1.98,0.39,287.674,3.7
2022-03-11,2.0,0.4,287.674,3.7
2022-03-14,2.14,0.45,287.674,3.7
2022-03-15,2.15,0.46,287.674,3.7
2022-03-16,2.19,0.44,287.674,3.7
2022-03-17,2.2,0.4,287.674,3.7
2022-03-18,2.14,0.42,287.674,3.7
2022-03-21,2.32,0.54,287.674,3.7
2022-03-22,2.38,0.51,287.674,3.7
2022-03-23,2.32,0.5,287.674,3.7
2022-03-24,2.34,0.52,287.674,3.7
2022-03-25,2.48,0.55,287.674,3.7
2022-03-28,2.46,0.59,287.674,3.7
2022-03-29,2.41,0.55,287.674,3.7
2022-03-30,2.35,0.55,287.674,3.7
2022-03-31,2.32,0.52,287.674,3.7
2022-04-01,2.39,0.53,288.561,3.7
2022-04-04,2.42,0.66,288.561,3.7
2022-04-05,2.54,0.65,288.561,3.7
2022-04-06,2.61,0.67,288.561,3.7
2022-04-07,2.66,0.68,288.561,3.7
2022-04-08,2.72,0.7,288.561,3.7
2022-04-11,2.79,0.77,288.561,3.7
2022-04-12,2.72,0.74,288.561,3.7
2022-04-13,2.7,0.75,288.561,3.7
2022-04-14,2.83,0.79,288.561,3.7
2022-04-15,2.83,0.79,288.561,3.7
2022-04-18,2.85,0.81,288.561,3.7
2022-04-19,2.93,0.81,288.561,3.7
2022-04-20,2.85,0.82,288.561,3.7
2022-04-21,2.9,0.83,288.561,3.7
2022-04-22,2.9,0.83,288.561,3.7
2022-04-25,2.81,0.91,288.561,3.7
2022-04-26,2.77,0.83,288.561,3.7
2022-04-27,2.82,0.82,288.561,3.7
2022-04-28,2.85,0.82,288.561,3.7
2022-04-29,2.89,0.85,288.561,3.7
2022-05-01,2.89,0.85,291.298,3.6
2022-05-02,2.99,0.9,291.298,3.6
2022-05-03,2.97,0.91,291.298,3.6
2022-05-04,2.93,0.89,291.298,3.6
2022-05-05,3.05,0.85,291.298,3.6
2022-05-06,3.12,0.85,291.298,3.6
2022-05-09,3.05,0.92,291.298,3.6
2022-05-10,2.99,0.89,291.298,3.6
2022-05-11,2.91,0.91,291.298,3.6
2022-05-12,2.84,0.96,291.298,3.6
2022-05-13,2.93,1.03,291.298,3.6
2022-05-16,2.88,1.07,291.298,3.6
2022-05-17,2.98,1.06,291.298,3.6
2022-05-18,2.89,1.03,291.298,3.6
2022-05-19,2.84,1.05,291.298,3.6
2022-05-20,2.78,1.03,291.298,3.6
2022-05-23,2.86,1.07,291.298,3.6
2022-05-24,2.76,1.06,291.298,3.6
2022-05-25,2.75,1.06,291.298,3.6
2022-05-26,2.75,1.07,291.298,3.6
2022-05-27,2.74,1.08,291.298,3.6
2022-05-30,2.74,1.08,291.298,3.6
2022-05-31,2.85,1.16,291.298,3.6
2022-06-01,2.94,1.15,294.957,3.6
2022-06-02,2.92,1.17,294.957,3.6
2022-06-03,2.96,1.21,294.957,3.6
2022-06-06,3.04,1.26,294.957,3.6
2022-06-07,2.98,1.26,294.957,3.6
2022-06-08,3.03,1.28,294.957,3.6
2022-06-09,3.04,1.3,294.957,3.6
2022-06-10,3.15,1.39,294.957,3.6
2022-06-13,3.43,1.73,294.957,3.6
2022-06-14,3.49,1.83,294.957,3.6
2022-06-15,3.33,1.74,294.957,3.6
2022-06-16,3.28,1.59,294.957,3.6
2022-06-17,3.25,1.63,294.957,3.6
2022-06-20,3.25,1.63,294.957,3.6
2022-06-21,3.31,1.7,294.957,3.6
2022-06-22,3.16,1.61,294.957,3.6
2022-06-23,3.09,1.65,294.957,3.6
2022-06-24,3.13,1.73,294.957,3.6
2022-06-27,3.2,1.79,294.957,3.6
2022-06-28,3.2,1.79,294.957,3.6
2022-06-29,3.1,1.78,294.957,3.6
2022-06-30,2.98,1.72,294.957,3.6
2022-07-01,2.88,1.73,294.913,3.5
2022-07-04,2.88,1.73,294.913,3.5
2022-07-05,2.82,1.9,294.913,3.5
2022-07-06,2.93,1.9,294.913,3.5
2022-07-07,3.01,1.95,294.913,3.5
2022-07-08,3.09,1.98,294.913,3.5
2022-07-11,2.99,2.18,294.913,3.5
2022-07-12,2.96,2.22,294.913,3.5
2022-07-13,2.91,2.39,294.913,3.5
2022-07-14,2.96,2.4,294.913,3.5
2022-07-15,2.93,2.37,294.913,3.5
2022-07-18,2.96,2.5,294.913,3.5
2022-07-19,3.01,2.52,294.913,3.5
2022-07-20,3.04,2.51,294.913,3.5
2022-07-21,2.91,2.48,294.913,3.5
2022-07-22,2.77,2.49,294.913,3.5
2022-07-25,2.81,2.62,294.913,3.5
2022-07-26,2.81,2.55,294.913,3.5
2022-07-27,2.78,2.44,294.913,3.5
2022-07-28,2.68,2.42,294.913,3.5
2022-07-29,2.67,2.41,294.913,3.5
2022-08-01,2.6,2.56,295.097,3.6
2022-08-02,2.75,2.56,295.097,3.6
2022-08-03,2.73,2.52,295.097,3.6
2022-08-04,2.68,2.5,295.097,3.6
2022-08-05,2.83,2.58,295.097,3.6
2022-08-08,2.77,2.65,295.097,3.6
2022-08-09,2.8,2.67,295.097,3.6
2022-08-10,2.78,2.65,295.097,3.6
2022-08-11,2.87,2.62,295.097,3.6
2022-08-12,2.84,2.63,295.097,3.6
2022-08-15,2.79,2.72,295.097,3.6
2022-08-16,2.82,2.7,295.097,3.6
2022-08-17,2.89,2.68,295.097,3.6
2022-08-18,2.88,2.71,295.097,3.6
2022-08-19,2.98,2.74,295.097,3.6
2022-08-22,3.03,2.82,295.097,3.6
2022-08-23,3.05,2.8,295.097,3.6
2022-08-24,3.11,2.82,295.097,3.6
2022-08-25,3.03,2.88,295.097,3.6
2022-08-26,3.04,2.89,295.097,3.6
2022-08-29,3.12,2.97,295.097,3.6
2022-08-30,3.11,2.97,295.097,3.6
2022-08-31,3.15,2.96,295.097,3.6
2022-09-01,3.26,2.97,296.349,3.5
2022-09-02,3.2,2.94,296.349,3.5
2022-09-05,3.2,2.94,296.349,3.5
2022-09-06,3.33,3.04,296.349,3.5
2022-09-07,3.27,3.07,296.349,3.5
2022-09-08,3.29,3.06,296.349,3.5
2022-09-09,3.33,3.08,296.349,3.5
2022-09-12,3.37,3.17,296.349,3.5
2022-09-13,3.42,3.28,296.349,3.5
2022-09-14,3.41,3.24,296.349,3.5
2022-09-15,3.45,3.22,296.349,3.5
2022-09-16,3.45,3.2,296.349,3.5
2022-09-19,3.49,3.37,296.349,3.5
2022-09-20,3.57,3.35,296.349,3.5
2022-09-21,3.51,3.31,296.349,3.5
2022-09-22,3.7,3.29,296.349,3.5
2022-09-23,3.69,3.24,296.349,3.5
2022-09-26,3.88,3.39,296.349,3.5
2022-09-27,3.97,3.35,296.349,3.5
2022-09-28,3.72,3.4,296.349,3.5
2022-09-29,3.76,3.36,296.349,3.5
2022-09-30,3.83,3.33,296.349,3.5
2022-10-01,3.83,3.33,298.007,3.6
2022-10-03,3.67,3.46,298.007,3.6
2022-10-04,3.62,3.45,298.007,3.6
2022-10-05,3.76,3.46,298.007,3.6
2022-10-06,3.83,3.46,298.007,3.6
2022-10-07,3.89,3.45,298.007,3.6
2022-10-10,3.89,3.45,298.007,3.6
2022-10-11,3.93,3.67,298.007,3.6
2022-10-12,3.91,3.7,298.007,3.6
2022-10-13,3.97,3.79,298.007,3.6
2022-10-14,4.0,3.81,298.007,3.6
2022-10-17,4.02,3.97,298.007,3.6
2022-10-18,4.01,4.04,298.007,3.6
2022-10-19,4.14,4.07,298.007,3.6
2022-10-20,4.24,4.09,298.007,3.6
2022-10-21,4.21,4.09,298.007,3.6
2022-10-24,4.25,4.16,298.007,3.6
2022-10-25,4.1,4.14,298.007,3.6
2022-10-26,4.04,4.11,298.007,3.6
2022-10-27,3.96,4.13,298.007,3.6
2022-10-28,4.02,4.18,298.007,3.6
2022-10-31,4.1,4.22,298.007,3.6
2022-11-01,4.07,4.23,298.786,3.6
2022-11-02,4.1,4.22,298.786,3.6
2022-11-03,4.14,4.25,298.786,3.6
2022-11-04,4.17,4.21,298.786,3.6
2022-11-07,4.22,4.29,298.786,3.6
2022-11-08,4.14,4.28,298.786,3.6
2022-11-09,4.12,4.29,298.786,3.6
2022-11-10,3.82,4.28,298.786,3.6
2022-11-11,3.82,4.28,298.786,3.6
2022-11-14,3.88,4.34,298.786,3.6
2022-11-15,3.8,4.31,298.786,3.6
2022-11-16,3.67,4.32,298.786,3.6
2022-11-17,3.77,4.32,298.786,3.6
2022-11-18,3.82,4.34,298.786,3.6
2022-11-21,3.83,4.41,298.786,3.6
2022-11-22,3.76,4.4,298.786,3.6
2022-11-23,3.71,4.4,298.786,3.6
2022-11-24,3.71,4.4,298.786,3.6
2022-11-25,3.68,4.41,298.786,3.6
2022-11-28,3.69,4.41,298.786,3.6
2022-11-29,3.75,4.38,298.786,3.6
2022-11-30,3.68,4.37,298.786,3.6
2022-12-01,3.53,4.33,298.832,3.5
2022-12-02,3.51,4.34,298.832,3.5
2022-12-05,3.6,4.36,298.832,3.5
2022-12-06,3.51,4.37,298.832,3.5
2022-12-07,3.42,4.29,298.832,3.5
2022-12-08,3.48,4.28,298.832,3.5
2022-12-09,3.57,4.31,298.832,3.5
2022-12-12,3.61,4.38,298.832,3.5
2022-12-13,3.51,4.35,298.832,3.5
2022-12-14,3.49,4.33,298.832,3.5
2022-12-15,3.44,4.34,298.832,3.5
2022-12-16,3.48,4.31,298.832,3.5
2022-12-19,3.57,4.37,298.832,3.5
2022-12-20,3.69,4.35,298.832,3.5
2022-12-21,3.68,4.33,298.832,3.5
2022-12-22,3.67,4.35,298.832,3.5
2022-12-23,3.75,4.34,298.832,3.5
2022-12-26,3.75,4.34,298.832,3.5
2022-12-27,3.84,4.46,298.832,3.5
2022-12-28,3.88,4.46,298.832,3.5
2022-12-29,3.83,4.45,298.832,3.5
2022-12-30,3.88,4.42,298.832,3.5
2023-01-01,3.88,4.42,300.42,3.5
2023-01-02,3.88,4.42,300.42,3.5
2023-01-03,3.79,4.53,300.42,3.5
2023-01-04,3.69,4.55,300.42,3.5
2023-01-05,3.71,4.66,300.42,3.5
2023-01-06,3.55,4.67,300.42,3.5
2023-01-09,3.53,4.7,300.42,3.5
2023-01-10,3.61,4.73,300.42,3.5
2023-01-11,3.54,4.72,300.42,3.5
2023-01-12,3.43,4.66,300.42,3.5
2023-01-13,3.49,4.67,300.42,3.5
2023-01-16,3.49,4.67,300.42,3.5
2023-01-17,3.53,4.71,300.42,3.5
2023-01-18,3.37,4.69,300.42,3.5
2023-01-19,3.39,4.71,300.42,3.5
2023-01-20,3.48,4.72,300.42,3.5
2023-01-23,3.52,4.73,300.42,3.5
2023-01-24,3.46,4.72,300.42,3.5
2023-01-25,3.46,4.72,300.42,3.5
2023-01-26,3.49,4.71,300.42,3.5
2023-01-27,3.52,4.73,300.42,3.5
2023-01-30,3.55,4.72,300.42,3.5
2023-01-31,3.52,4.7,300.42,3.5
2023-02-01,3.39,4.66,301.45,3.6
2023-02-02,3.4,4.66,301.45,3.6
2023-02-03,3.53,4.7,301.45,3.6
2023-02-06,3.63,4.71,301.45,3.6
2023-02-07,3.67,4.71,301.45,3.6
2023-02-08,3.63,4.72,301.45,3.6
2023-02-09,3.67,4.77,301.45,3.6
2023-02-10,3.74,4.79,301.45,3.6
2023-02-13,3.72,4.81,301.45,3.6
2023-02-14,3.77,4.8,301.45,3.6
2023-02-15,3.81,4.79,301.45,3.6
2023-02-16,3.86,4.84,301.45,3.6
2023-02-17,3.82,4.84,301.45,3.6
2023-02-20,3.82,4.84,301.45,3.6
2023-02-21,3.95,4.86,301.45,3.6
2023-02-22,3.93,4.84,301.45,3.6
2023-02-23,3.88,4.84,301.45,3.6
2023-02-24,3.95,4.86,301.45,3.6
2023-02-27,3.92,4.89,301.45,3.6
2023-02-28,3.92,4.88,301.45,3.6
2023-03-01,4.01,4.9,301.821,3.5
2023-03-02,4.08,4.91,301.821,3.5
2023-03-03,3.97,4.91,301.821,3.5
2023-03-06,3.98,4.93,301.821,3.5
2023-03-07,3.97,5.04,301.821,3.5
2023-03-08,3.98,5.06,301.821,3.5
2023-03-09,3.93,5.05,301.821,3.5
2023-03-10,3.7,5.01,301.821,3.5
2023-03-13,3.55,4.87,301.821,3.5
2023-03-14,3.64,4.88,301.821,3.5
2023-03-15,3.51,4.75,301.821,3.5
2023-03-16,3.56,4.74,301.821,3.5
2023-03-17,3.39,4.52,301.821,3.5
2023-03-20,3.47,4.81,301.821,3.5
2023-03-21,3.59,4.78,301.821,3.5
2023-03-22,3.48,4.79,301.821,3.5
2023-03-23,3.38,4.73,301.821,3.5
2023-03-24,3.38,4.74,301.821,3.5
2023-03-27,3.53,4.91,301.821,3.5
2023-03-28,3.55,4.8,301.821,3.5
2023-03-29,3.57,4.8,301.821,3.5
2023-03-30,3.55,4.97,301.821,3.5
2023-03-31,3.48,4.85,301.821,3.5
2023-04-01,3.48,4.85,302.845,3.4
2023-04-03,3.43,4.9,302.845,3.4
2023-04-04,3.35,4.88,302.845,3.4
2023-04-05,3.3,4.86,302.845,3.4
2023-04-06,3.3,4.91,302.845,3.4
2023-04-07,3.39,4.95,302.845,3.4
2023-04-10,3.41,5.08,302.845,3.4
2023-04-11,3.43,5.04,302.845,3.4
2023-04-12,3.41,5.02,302.845,3.4
2023-04-13,3.45,5.1,302.845,3.4
2023-04-14,3.52,5.14,302.845,3.4
2023-04-17,3.6,5.21,302.845,3.4
2023-04-18,3.58,5.2,302.845,3.4
2023-04-19,3.6,5.16,302.845,3.4
2023-04-20,3.54,5.12,302.845,3.4
2023-04-21,3.57,5.14,302.845,3.4
2023-04-24,3.52,5.2,302.845,3.4
2023-04-25,3.4,5.12,302.845,3.4
2023-04-26,3.43,5.16,302.845,3.4
2023-04-27,3.53,5.18,302.845,3.4
2023-04-28,3.44,5.1,302.845,3.4
2023-05-01,3.59,5.27,303.334,3.6
2023-05-02,3.44,5.24,303.334,3.6
2023-05-03,3.38,5.26,303.334,3.6
2023-05-04,3.37,5.26,303.334,3.6
2023-05-05,3.44,5.26,303.334,3.6
2023-05-08,3.52,5.31,303.334,3.6
2023-05-09,3.53,5.29,303.334,3.6
2023-05-10,3.43,5.24,303.334,3.6
2023-05-11,3.39,5.2,303.334,3.6
2023-05-12,3.46,5.25,303.334,3.6
2023-05-15,3.5,5.21,303.334,3.6
2023-05-16,3.54,5.23,303.334,3.6
2023-05-17,3.57,5.26,303.334,3.6
2023-05-18,3.65,5.31,303.334,3.6
2023-05-19,3.7,5.29,303.334,3.6
2023-05-22,3.72,5.4,303.334,3.6
2023-05-23,3.7,5.34,303.334,3.6
2023-05-24,3.73,5.37,303.334,3.6
2023-05-25,3.83,5.38,303.334,3.6
2023-05-26,3.8,5.34,303.334,3.6
2023-05-29,3.8,5.34,303.334,3.6
2023-05-30,3.69,5.55,303.334,3.6
2023-05-31,3.64,5.52,303.334,3.6
2023-06-01,3.61,5.5,304.014,3.6
2023-06-02,3.69,5.5,304.014,3.6
2023-06-05,3.69,5.46,304.014,3.6
2023-06-06,3.7,5.44,304.014,3.6
2023-06-07,3.79,5.42,304.014,3.6
2023-06-08,3.73,5.38,304.014,3.6
2023-06-09,3.75,5.37,304.014,3.6
2023-06-12,3.73,5.4,304.014,3.6
2023-06-13,3.84,5.36,304.014,3.6
2023-06-14,3.83,5.36,304.014,3.6
2023-06-15,3.72,5.33,304.014,3.6
2023-06-16,3.77,5.34,304.014,3.6
2023-06-19,3.77,5.34,304.014,3.6
2023-06-20,3.74,5.39,304.014,3.6
2023-06-21,3.72,5.4,304.014,3.6
2023-06-22,3.8,5.4,304.014,3.6
2023-06-23,3.74,5.41,304.014,3.6
2023-06-26,3.72,5.5,304.014,3.6
2023-06-27,3.77,5.44,304.014,3.6
2023-06-28,3.71,5.44,304.014,3.6
2023-06-29,3.85,5.46,304.014,3.6
2023-06-30,3.81,5.43,304.014,3.6
2023-07-01,3.81,5.43,304.609,3.5
2023-07-03,3.86,5.44,304.609,3.5
2023-07-04,3.86,5.44,304.609,3.5
2023-07-05,3.95,5.44,304.609,3.5
2023-07-06,4.05,5.46,304.609,3.5
2023-07-07,4.06,5.46,304.609,3.5
2023-07-10,4.01,5.48,304.609,3.5
2023-07-11,3.99,5.49,304.609,3.5
2023-07-12,3.86,5.47,304.609,3.5
2023-07-13,3.76,5.47,304.609,3.5
2023-07-14,3.83,5.49,304.609,3.5
2023-07-17,3.81,5.49,304.609,3.5
2023-07-18,3.8,5.49,304.609,3.5
2023-07-19,3.75,5.49,304.609,3.5
2023-07-20,3.85,5.49,304.609,3.5
2023-07-21,3.84,5.5,304.609,3.5
2023-07-24,3.86,5.51,304.609,3.5
2023-07-25,3.91,5.51,304.609,3.5
2023-07-26,3.86,5.51,304.609,3.5
2023-07-27,4.01,5.51,304.609,3.5
2023-07-28,3.96,5.52,304.609,3.5
2023-07-31,3.97,5.55,304.609,3.5
2023-08-01,4.05,5.54,306.082,3.7
2023-08-02,4.08,5.53,306.082,3.7
2023-08-03,4.2,5.54,306.082,3.7
2023-08-04,4.05,5.54,306.082,3.7
2023-08-07,4.09,5.56,306.082,3.7
2023-08-08,4.02,5.57,306.082,3.7
2023-08-09,4.0,5.55,306.082,3.7
2023-08-10,4.09,5.54,306.082,3.7
2023-08-11,4.16,5.54,306.082,3.7
2023-08-14,4.19,5.56,306.082,3.7
2023-08-15,4.21,5.56,306.082,3.7
2023-08-16,4.28,5.56,306.082,3.7
2023-08-17,4.3,5.56,306.082,3.7
2023-08-18,4.26,5.55,306.082,3.7
2023-08-21,4.34,5.57,306.082,3.7
2023-08-22,4.34,5.57,306.082,3.7
2023-08-23,4.19,5.57,306.082,3.7
2023-08-24,4.23,5.58,306.082,3.7
2023-08-25,4.25,5.61,306.082,3.7
2023-08-28,4.2,5.58,306.082,3.7
2023-08-29,4.12,5.56,306.082,3.7
2023-08-30,4.12,5.56,306.082,3.7
2023-08-31,4.09,5.56,306.082,3.7
2023-09-01,4.18,5.53,307.276,3.7
2023-09-04,4.18,5.53,307.276,3.7
2023-09-05,4.27,5.55,307.276,3.7
2023-09-06,4.3,5.55,307.276,3.7
2023-09-07,4.27,5.53,307.276,3.7
2023-09-08,4.26,5.55,307.276,3.7
2023-09-11,4.29,5.55,307.276,3.7
2023-09-12,4.27,5.56,307.276,3.7
2023-09-13,4.25,5.55,307.276,3.7
2023-09-14,4.29,5.55,307.276,3.7
2023-09-15,4.33,5.56,307.276,3.7
2023-09-18,4.32,5.55,307.276,3.7
2023-09-19,4.37,5.54,307.276,3.7
2023-09-20,4.35,5.56,307.276,3.7
2023-09-21,4.49,5.57,307.276,3.7
2023-09-22,4.44,5.56,307.276,3.7
2023-09-25,4.55,5.58,307.276,3.7
2023-09-26,4.56,5.58,307.276,3.7
2023-09-27,4.61,5.58,307.276,3.7
2023-09-28,4.59,5.56,307.276,3.7
2023-09-29,4.59,5.55,307.276,3.7
2023-10-01,4.59,5.55,307.696,3.9
2023-10-02,4.69,5.62,307.696,3.9
2023-10-03,4.81,5.62,307.696,3.9
2023-10-04,4.73,5.61,307.696,3.9
2023-10-05,4.72,5.61,307.696,3.9
2023-10-06,4.78,5.63,307.696,3.9
2023-10-09,4.78,5.63,307.696,3.9
2023-10-10,4.66,5.61,307.696,3.9
2023-10-11,4.58,5.61,307.696,3.9
2023-10-12,4.7,5.63,307.696,3.9
2023-10-13,4.63,5.62,307.696,3.9
2023-10-16,4.71,5.61,307.696,3.9
2023-10-17,4.83,5.62,307.696,3.9
2023-10-18,4.91,5.61,307.696,3.9
2023-10-19,4.98,5.6,307.696,3.9
2023-10-20,4.93,5.58,307.696,3.9
2023-10-23,4.86,5.58,307.696,3.9
2023-10-24,4.83,5.58,307.696,3.9
2023-10-25,4.95,5.59,307.696,3.9
2023-10-26,4.86,5.59,307.696,3.9
2023-10-27,4.84,5.59,307.696,3.9
2023-10-30,4.88,5.6,307.696,3.9
2023-10-31,4.88,5.59,307.696,3.9
2023-11-01,4.77,5.57,308.148,3.7
2023-11-02,4.67,5.54,308.148,3.7
2023-11-03,4.57,5.53,308.148,3.7
2023-11-06,4.67,5.56,308.148,3.7
2023-11-07,4.58,5.55,308.148,3.7
2023-11-08,4.49,5.54,308.148,3.7
2023-11-09,4.62,5.54,308.148,3.7
2023-11-10,4.61,5.53,308.148,3.7
2023-11-13,4.63,5.55,308.148,3.7
2023-11-14,4.44,5.52,308.148,3.7
2023-11-15,4.53,5.53,308.148,3.7
2023-11-16,4.45,5.51,308.148,3.7
2023-11-17,4.44,5.5,308.148,3.7
2023-11-20,4.42,5.54,308.148,3.7
2023-11-21,4.41,5.53,308.148,3.7
2023-11-22,4.42,5.54,308.148,3.7
2023-11-23,4.42,5.54,308.148,3.7
2023-11-24,4.47,5.54,308.148,3.7
2023-11-27,4.39,5.49,308.148,3.7
2023-11-28,4.34,5.47,308.148,3.7
2023-11-29,4.27,5.45,308.148,3.7
2023-11-30,4.37,5.45,308.148,3.7
2023-12-01,4.22,5.43,308.741,3.8
2023-12-04,4.28,5.46,308.741,3.8
2023-12-05,4.18,5.45,308.741,3.8
2023-12-06,4.12,5.45,308.741,3.8
2023-12-07,4.14,5.44,308.741,3.8
2023-12-08,4.23,5.44,308.741,3.8
2023-12-11,4.23,5.47,308.741,3.8
2023-12-12,4.2,5.46,308.741,3.8
2023-12-13,4.04,5.44,308.741,3.8
2023-12-14,3.92,5.43,308.741,3.8
2023-12-15,3.91,5.44,308.741,3.8
2023-12-18,3.95,5.46,308.741,3.8
2023-12-19,3.93,5.43,308.741,3.8
2023-12-20,3.86,5.44,308.741,3.8
2023-12-21,3.89,5.42,308.741,3.8
2023-12-22,3.9,5.44,308.741,3.8
2023-12-25,3.9,5.44,308.741,3.8
2023-12-26,3.89,5.45,308.741,3.8
2023-12-27,3.79,5.44,308.741,3.8
2023-12-28,3.84,5.45,308.741,3.8
2023-12-29,3.88,5.4,308.741,3.8
2024-01-01,3.88,5.4,309.698,3.7
2024-01-02,3.95,5.46,309.698,3.7
2024-01-03,3.91,5.48,309.698,3.7
2024-01-04,3.99,5.48,309.698,3.7
2024-01-05,4.05,5.47,309.698,3.7
2024-01-08,4.01,5.49,309.698,3.7
2024-01-09,4.02,5.47,309.698,3.7
2024-01-10,4.04,5.46,309.698,3.7
2024-01-11,3.98,5.46,309.698,3.7
2024-01-12,3.96,5.45,309.698,3.7
2024-01-15,3.96,5.45,309.698,3.7
2024-01-16,4.07,5.45,309.698,3.7
2024-01-17,4.1,5.47,309.698,3.7
2024-01-18,4.14,5.45,309.698,3.7
2024-01-19,4.15,5.45,309.698,3.7
2024-01-22,4.11,5.46,309.698,3.7
2024-01-23,4.14,5.45,309.698,3.7
2024-01-24,4.18,5.44,309.698,3.7
2024-01-25,4.14,5.44,309.698,3.7
2024-01-26,4.15,5.44,309.698,3.7
2024-01-29,4.08,5.42,309.698,3.7
2024-01-30,4.06,5.42,309.698,3.7
2024-01-31,3.99,5.42,309.698,3.7
2024-02-01,3.87,5.42,310.967,3.9
2024-02-02,4.03,5.43,310.967,3.9
2024-02-05,4.17,5.42,310.967,3.9
2024-02-06,4.09,5.44,310.967,3.9
2024-02-07,4.09,5.43,310.967,3.9
2024-02-08,4.15,5.44,310.967,3.9
2024-02-09,4.17,5.44,310.967,3.9
2024-02-12,4.17,5.43,310.967,3.9
2024-02-13,4.31,5.45,310.967,3.9
2024-02-14,4.27,5.43,310.967,3.9
2024-02-15,4.24,5.43,310.967,3.9
2024-02-16,4.3,5.44,310.967,3.9
2024-02-19,4.3,5.44,310.967,3.9
2024-02-20,4.27,5.44,310.967,3.9
2024-02-21,4.32,5.44,310.967,3.9
2024-02-22,4.33,5.45,310.967,3.9
2024-02-23,4.26,5.46,310.967,3.9
2024-02-26,4.28,5.47,310.967,3.9
2024-02-27,4.31,5.45,310.967,3.9
2024-02-28,4.27,5.45,310.967,3.9
2024-02-29,4.25,5.45,310.967,3.9
2024-03-01,4.19,5.42,312.345,3.9
2024-03-04,4.22,5.48,312.345,3.9
2024-03-05,4.13,5.47,312.345,3.9
2024-03-06,4.11,5.47,312.345,3.9
2024-03-07,4.09,5.47,312.345,3.9
2024-03-08,4.09,5.46,312.345,3.9
2024-03-11,4.1,5.48,312.345,3.9
2024-03-12,4.16,5.48,312.345,3.9
2024-03-13,4.19,5.48,312.345,3.9
2024-03-14,4.29,5.48,312.345,3.9
2024-03-15,4.31,5.48,312.345,3.9
2024-03-18,4.34,5.48,312.345,3.9
2024-03-19,4.3,5.48,312.345,3.9
2024-03-20,4.27,5.47,312.345,3.9
2024-03-21,4.27,5.48,312.345,3.9
2024-03-22,4.22,5.46,312.345,3.9
2024-03-25,4.25,5.46,312.345,3.9
2024-03-26,4.24,5.46,312.345,3.9
2024-03-27,4.2,5.45,312.345,3.9
2024-03-28,4.2,5.46,312.345,3.9
2024-03-29,4.2,5.46,312.345,3.9
2024-04-01,4.33,5.44,313.023,3.9
2024-04-02,4.36,5.42,313.023,3.9
2024-04-03,4.36,5.42,313.023,3.9
2024-04-04,4.31,5.41,313.023,3.9
2024-04-05,4.39,5.43,313.023,3.9
2024-04-08,4.42,5.43,313.023,3.9
2024-04-09,4.36,5.43,313.023,3.9
2024-04-10,4.55,5.45,313.023,3.9
2024-04-11,4.56,5.45,313.023,3.9
2024-04-12,4.5,5.45,313.023,3.9
2024-04-15,4.63,5.45,313.023,3.9
2024-04-16,4.67,5.45,313.023,3.9
2024-04-17,4.59,5.45,313.023,3.9
2024-04-18,4.64,5.46,313.023,3.9
2024-04-19,4.62,5.45,313.023,3.9
2024-04-22,4.62,5.42,313.023,3.9
2024-04-23,4.61,5.45,313.023,3.9
2024-04-24,4.65,5.46,313.023,3.9
2024-04-25,4.7,5.47,313.023,3.9
2024-04-26,4.67,5.46,313.023,3.9
2024-04-29,4.63,5.45,313.023,3.9
2024-04-30,4.69,5.46,313.023,3.9
2024-05-01,4.63,5.46,313.175,3.9
2024-05-02,4.58,5.46,313.175,3.9
2024-05-03,4.5,5.45,313.175,3.9
2024-05-06,4.49,5.45,313.175,3.9
2024-05-07,4.47,5.45,313.175,3.9
2024-05-08,4.48,5.45,313.175,3.9
2024-05-09,4.45,5.46,313.175,3.9
2024-05-10,4.5,5.47,313.175,3.9
2024-05-13,4.48,5.45,313.175,3.9
2024-05-14,4.45,5.44,313.175,3.9
2024-05-15,4.36,5.45,313.175,3.9
2024-05-16,4.38,5.45,313.175,3.9
2024-05-17,4.42,5.46,313.175,3.9
2024-05-20,4.44,5.45,313.175,3.9
2024-05-21,4.41,5.45,313.175,3.9
2024-05-22,4.43,5.45,313.175,3.9
2024-05-23,4.47,5.46,313.175,3.9
2024-05-24,4.46,5.46,313.175,3.9
2024-05-27,4.46,5.46,313.175,3.9
2024-05-28,4.54,5.46,313.175,3.9
2024-05-29,4.61,5.46,313.175,3.9
2024-05-30,4.55,5.46,313.175,3.9
2024-05-31,4.51,5.46,313.175,3.9
2024-06-01,4.51,5.46,313.044,4.1
2024-06-03,4.41,5.52,313.044,4.1
2024-06-04,4.33,5.52,313.044,4.1
2024-06-05,4.29,5.51,313.044,4.1
2024-06-06,4.28,5.51,313.044,4.1
2024-06-07,4.43,5.52,313.044,4.1
2024-06-10,4.47,5.52,313.044,4.1
2024-06-11,4.39,5.52,313.044,4.1
2024-06-12,4.31,5.51,313.044,4.1
2024-06-13,4.24,5.51,313.044,4.1
2024-06-14,4.2,5.51,313.044,4.1
2024-06-17,4.28,5.52,313.044,4.1
2024-06-18,4.22,5.5,313.044,4.1
2024-06-19,4.22,5.5,313.044,4.1
2024-06-20,4.25,5.5,313.044,4.1
2024-06-21,4.25,5.49,313.044,4.1
2024-06-24,4.25,5.5,313.044,4.1
2024-06-25,4.23,5.49,313.044,4.1
2024-06-26,4.32,5.5,313.044,4.1
2024-06-27,4.29,5.49,313.044,4.1
2024-06-28,4.36,5.48,313.044,4.1
2024-07-01,4.48,5.47,313.569,4.2
2024-07-02,4.43,5.47,313.569,4.2
2024-07-03,4.36,5.47,313.569,4.2
2024-07-04,4.36,5.47,313.569,4.2
2024-07-05,4.28,5.46,313.569,4.2
2024-07-08,4.28,5.46,313.569,4.2
2024-07-09,4.3,5.46,313.569,4.2
2024-07-10,4.28,5.46,313.569,4.2
2024-07-11,4.2,5.44,313.569,4.2
2024-07-12,4.18,5.43,313.569,4.2
2024-07-15,4.23,5.43,313.569,4.2
2024-07-16,4.17,5.43,313.569,4.2
2024-07-17,4.16,5.43,313.569,4.2
2024-07-18,4.2,5.43,313.569,4.2
2024-07-19,4.25,5.43,313.569,4.2
2024-07-22,4.26,5.43,313.569,4.2
2024-07-23,4.25,5.41,313.569,4.2
2024-07-24,4.28,5.4,313.569,4.2
2024-07-25,4.27,5.39,313.569,4.2
2024-07-26,4.2,5.38,313.569,4.2
2024-07-29,4.17,5.41,313.569,4.2
2024-07-30,4.15,5.4,313.569,4.2
2024-07-31,4.09,5.41,313.569,4.2
2024-08-01,3.99,5.37,314.062,4.2
2024-08-02,3.8,5.29,314.062,4.2
2024-08-05,3.78,5.35,314.062,4.2
2024-08-06,3.9,5.34,314.062,4.2
2024-08-07,3.96,5.34,314.062,4.2
2024-08-08,3.99,5.34,314.062,4.2
2024-08-09,3.94,5.33,314.062,4.2
2024-08-12,3.9,5.33,314.062,4.2
2024-08-13,3.85,5.32,314.062,4.2
2024-08-14,3.83,5.32,314.062,4.2
2024-08-15,3.92,5.34,314.062,4.2
2024-08-16,3.89,5.33,314.062,4.2
2024-08-19,3.86,5.31,314.062,4.2
2024-08-20,3.82,5.29,314.062,4.2
2024-08-21,3.79,5.26,314.062,4.2
2024-08-22,3.86,5.28,314.062,4.2
2024-08-23,3.81,5.25,314.062,4.2
2024-08-26,3.82,5.24,314.062,4.2
2024-08-27,3.83,5.23,314.062,4.2
2024-08-28,3.84,5.21,314.062,4.2
2024-08-29,3.87,5.22,314.062,4.2
2024-08-30,3.91,5.21,314.062,4.2
2024-09-01,3.91,5.21,314.732,4.1
2024-09-02,3.91,5.21,314.732,4.1
2024-09-03,3.84,5.19,314.732,4.1
2024-09-04,3.77,5.18,314.732,4.1
2024-09-05,3.73,5.15,314.732,4.1
2024-09-06,3.72,5.13,314.732,4.1
2024-09-09,3.7,5.11,314.732,4.1
2024-09-10,3.65,5.06,314.732,4.1
2024-09-11,3.65,5.1,314.732,4.1
2024-09-12,3.68,5.06,314.732,4.1
2024-09-13,3.66,4.97,314.732,4.1
2024-09-16,3.63,4.96,314.732,4.1
2024-09-17,3.65,4.95,314.732,4.1
2024-09-18,3.7,4.84,314.732,4.1
2024-09-19,3.73,4.8,314.732,4.1
2024-09-20,3.73,4.75,314.732,4.1
2024-09-23,3.75,4.72,314.732,4.1
2024-09-24,3.74,4.69,314.732,4.1
2024-09-25,3.79,4.69,314.732,4.1
2024-09-26,3.79,4.68,314.732,4.1
2024-09-27,3.75,4.68,314.732,4.1
2024-09-30,3.81,4.73,314.732,4.1
2024-10-01,3.74,4.71,315.631,4.1
2024-10-02,3.79,4.69,315.631,4.1
2024-10-03,3.85,4.68,315.631,4.1
2024-10-04,3.98,4.73,315.631,4.1
2024-10-07,4.03,4.77,315.631,4.1
2024-10-08,4.04,4.75,315.631,4.1
2024-10-09,4.06,4.75,315.631,4.1
2024-10-10,4.09,4.75,315.631,4.1
2024-10-11,4.08,4.73,315.631,4.1
2024-10-14,4.08,4.73,315.631,4.1
2024-10-15,4.03,4.73,315.631,4.1
2024-10-16,4.02,4.72,315.631,4.1
2024-10-17,4.09,4.74,315.631,4.1
2024-10-18,4.08,4.73,315.631,4.1
2024-10-21,4.19,4.73,315.631,4.1
2024-10-22,4.2,4.72,315.631,4.1
2024-10-23,4.24,4.73,315.631,4.1
2024-10-24,4.21,4.7,315.631,4.1
2024-10-25,4.25,4.73,315.631,4.1
2024-10-28,4.28,4.7,315.631,4.1
2024-10-29,4.28,4.7,315.631,4.1
2024-10-30,4.29,4.67,315.631,4.1
2024-10-31,4.28,4.64,315.631,4.1
2024-11-01,4.37,4.61,316.528,4.2
2024-11-04,4.31,4.65,316.528,4.2
2024-11-05,4.26,4.64,316.528,4.2
2024-11-06,4.42,4.64,316.528,4.2
2024-11-07,4.31,4.63,316.528,4.2
2024-11-08,4.3,4.63,316.528,4.2
2024-11-11,4.3,4.63,316.528,4.2
2024-11-12,4.43,4.63,316.528,4.2
2024-11-13,4.44,4.6,316.528,4.2
2024-11-14,4.43,4.61,316.528,4.2
2024-11-15,4.43,4.6,316.528,4.2
2024-11-18,4.42,4.63,316.528,4.2
2024-11-19,4.39,4.62,316.528,4.2
2024-11-20,4.41,4.62,316.528,4.2
2024-11-21,4.43,4.63,316.528,4.2
2024-11-22,4.41,4.63,316.528,4.2
2024-11-25,4.27,4.62,316.528,4.2
2024-11-26,4.3,4.61,316.528,4.2
2024-11-27,4.25,4.6,316.528,4.2
2024-11-28,4.25,4.6,316.528,4.2
2024-11-29,4.18,4.58,316.528,4.2
2024-12-01,4.18,4.58,317.604,4.1
2024-12-02,4.19,4.51,317.604,4.1
2024-12-03,4.23,4.49,317.604,4.1
2024-12-04,4.19,4.47,317.604,4.1
2024-12-05,4.17,4.46,317.604,4.1
2024-12-06,4.15,4.42,317.604,4.1
2024-12-09,4.2,4.42,317.604,4.1
2024-12-10,4.22,4.41,317.604,4.1
2024-12-11,4.26,4.38,317.604,4.1
2024-12-12,4.32,4.35,317.604,4.1
2024-12-13,4.4,4.34,317.604,4.1
2024-12-16,4.39,4.37,317.604,4.1
2024-12-17,4.4,4.38,317.604,4.1
2024-12-18,4.5,4.36,317.604,4.1
2024-12-19,4.57,4.35,317.604,4.1
2024-12-20,4.52,4.34,317.604,4.1
2024-12-23,4.59,4.36,317.604,4.1
2024-12-24,4.59,4.4,317.604,4.1
2024-12-25,4.59,4.4,317.604,4.1
2024-12-26,4.58,4.35,317.604,4.1
2024-12-27,4.62,4.31,317.604,4.1
2024-12-30,4.55,4.37,317.604,4.1
2024-12-31,4.58,4.37,317.604,4.1
2025-01-01,4.58,4.37,318.961,4.0
2025-01-02,4.57,4.36,318.961,4.0
2025-01-03,4.6,4.34,318.961,4.0
2025-01-06,4.62,4.35,318.961,4.0
2025-01-07,4.67,4.35,318.961,4.0
2025-01-08,4.67,4.35,318.961,4.0
2025-01-09,4.68,4.35,318.961,4.0
2025-01-10,4.77,4.36,318.961,4.0
2025-01-13,4.79,4.37,318.961,4.0
2025-01-14,4.78,4.36,318.961,4.0
2025-01-15,4.66,4.35,318.961,4.0
2025-01-16,4.61,4.34,318.961,4.0
2025-01-17,4.61,4.34,318.961,4.0
2025-01-20,4.61,4.34,318.961,4.0
2025-01-21,4.57,4.36,318.961,4.0
2025-01-22,4.6,4.36,318.961,4.0
2025-01-23,4.65,4.36,318.961,4.0
2025-01-24,4.63,4.35,318.961,4.0
2025-01-27,4.53,4.32,318.961,4.0
2025-01-28,4.55,4.31,318.961,4.0
2025-01-29,4.55,4.31,318.961,4.0
2025-01-30,4.52,4.3,318.961,4.0
2025-01-31,4.58,4.31,318.961,4.0
2025-02-01,4.58,4.31,319.679,4.2
2025-02-03,4.54,4.34,319.679,4.2
2025-02-04,4.52,4.33,319.679,4.2
2025-02-05,4.43,4.33,319.679,4.2
2025-02-06,4.45,4.34,319.679,4.2
2025-02-07,4.49,4.35,319.679,4.2
2025-02-10,4.51,4.35,319.679,4.2
2025-02-11,4.54,4.35,319.679,4.2
2025-02-12,4.62,4.35,319.679,4.2
2025-02-13,4.52,4.34,319.679,4.2
2025-02-14,4.47,4.34,319.679,4.2
2025-02-17,4.47,4.34,319.679,4.2
2025-02-18,4.55,4.34,319.679,4.2
2025-02-19,4.53,4.34,319.679,4.2
2025-02-20,4.5,4.33,319.679,4.2
2025-02-21,4.42,4.32,319.679,4.2
2025-02-24,4.4,4.31,319.679,4.2
2025-02-25,4.3,4.3,319.679,4.2
2025-02-26,4.25,4.31,319.679,4.2
2025-02-27,4.29,4.32,319.679,4.2
2025-02-28,4.24,4.32,319.679,4.2
2025-03-01,4.24,4.32,319.785,4.2
2025-03-03,4.16,4.35,319.785,4.2
2025-03-04,4.22,4.34,319.785,4.2
2025-03-05,4.28,4.35,319.785,4.2
2025-03-06,4.29,4.34,319.785,4.2
2025-03-07,4.32,4.34,319.785,4.2
2025-03-10,4.22,4.33,319.785,4.2
2025-03-11,4.28,4.34,319.785,4.2
2025-03-12,4.32,4.35,319.785,4.2
2025-03-13,4.27,4.34,319.785,4.2
2025-03-14,4.31,4.33,319.785,4.2
2025-03-17,4.31,4.34,319.785,4.2
2025-03-18,4.29,4.34,319.785,4.2
2025-03-19,4.25,4.33,319.785,4.2
2025-03-20,4.24,4.33,319.785,4.2
2025-03-21,4.25,4.33,319.785,4.2
2025-03-24,4.34,4.33,319.785,4.2
2025-03-25,4.31,4.33,319.785,4.2
2025-03-26,4.35,4.33,319.785,4.2
2025-03-27,4.38,4.33,319.785,4.2
2025-03-28,4.27,4.33,319.785,4.2
2025-03-31,4.23,4.32,319.785,4.2
2025-04-01,4.17,4.32,320.302,4.2
2025-04-02,4.2,4.32,320.302,4.2
2025-04-03,4.06,4.31,320.302,4.2
2025-04-04,4.01,4.28,320.302,4.2
2025-04-07,4.15,4.29,320.302,4.2
2025-04-08,4.26,4.31,320.302,4.2
2025-04-09,4.34,4.35,320.302,4.2
2025-04-10,4.4,4.34,320.302,4.2
2025-04-11,4.48,4.34,320.302,4.2
2025-04-14,4.38,4.33,320.302,4.2
2025-04-15,4.35,4.33,320.302,4.2
2025-04-16,4.29,4.33,320.302,4.2
2025-04-17,4.34,4.34,320.302,4.2
2025-04-18,4.34,4.34,320.302,4.2
2025-04-21,4.42,4.34,320.302,4.2
2025-04-22,4.41,4.33,320.302,4.2
2025-04-23,4.4,4.33,320.302,4.2
2025-04-24,4.32,4.32,320.302,4.2
2025-04-25,4.29,4.32,320.302,4.2
2025-04-28,4.23,4.32,320.302,4.2
2025-04-29,4.19,4.31,320.302,4.2
2025-04-30,4.17,4.31,320.302,4.2
2025-05-01,4.25,4.31,320.62,4.3
2025-05-02,4.33,4.33,320.62,4.3
2025-05-05,4.36,4.33,320.62,4.3
2025-05-06,4.3,4.33,320.62,4.3
2025-05-07,4.26,4.34,320.62,4.3
2025-05-08,4.37,4.34,320.62,4.3
2025-05-09,4.37,4.34,320.62,4.3
2025-05-12,4.45,4.42,320.62,4.3
2025-05-13,4.49,4.41,320.62,4.3
2025-05-14,4.53,4.41,320.62,4.3
2025-05-15,4.45,4.38,320.62,4.3
2025-05-16,4.43,4.37,320.62,4.3
2025-05-19,4.46,4.39,320.62,4.3
2025-05-20,4.48,4.38,320.62,4.3
2025-05-21,4.58,4.36,320.62,4.3
2025-05-22,4.54,4.37,320.62,4.3
2025-05-23,4.51,4.36,320.62,4.3
2025-05-26,4.51,4.36,320.62,4.3
2025-05-27,4.43,4.35,320.62,4.3
2025-05-28,4.47,4.35,320.62,4.3
2025-05-29,4.43,4.36,320.62,4.3
2025-05-30,4.41,4.36,320.62,4.3
2025-06-01,4.41,4.36,321.435,4.1
2025-06-02,4.46,4.44,321.435,4.1
2025-06-03,4.46,4.43,321.435,4.1
2025-06-04,4.37,4.44,321.435,4.1
2025-06-05,4.4,4.44,321.435,4.1
2025-06-06,4.51,4.43,321.435,4.1
2025-06-09,4.49,4.44,321.435,4.1
2025-06-10,4.47,4.45,321.435,4.1
2025-06-11,4.41,4.45,321.435,4.1
2025-06-12,4.36,4.46,321.435,4.1
2025-06-13,4.41,4.45,321.435,4.1
2025-06-16,4.46,4.43,321.435,4.1
2025-06-17,4.39,4.42,321.435,4.1
2025-06-18,4.38,4.42,321.435,4.1
2025-06-19,4.38,4.42,321.435,4.1
2025-06-20,4.38,4.39,321.435,4.1
2025-06-23,4.34,4.38,321.435,4.1
2025-06-24,4.3,4.38,321.435,4.1
2025-06-25,4.29,4.38,321.435,4.1
2025-06-26,4.26,4.39,321.435,4.1
2025-06-27,4.29,4.39,321.435,4.1
2025-06-30,4.24,4.41,321.435,4.1
2025-07-01,4.26,4.4,322.169,4.3
2025-07-02,4.3,4.41,322.169,4.3
2025-07-03,4.35,4.42,322.169,4.3
2025-07-04,4.35,4.42,322.169,4.3
2025-07-07,4.4,4.42,322.169,4.3
2025-07-08,4.42,4.42,322.169,4.3
2025-07-09,4.34,4.42,322.169,4.3
2025-07-10,4.35,4.42,322.169,4.3
2025-07-11,4.43,4.41,322.169,4.3
2025-07-14,4.43,4.42,322.169,4.3
2025-07-15,4.5,4.42,322.169,4.3
2025-07-16,4.46,4.41,322.169,4.3
2025-07-17,4.47,4.41,322.169,4.3
2025-07-18,4.44,4.4,322.169,4.3
2025-07-21,4.38,4.41,322.169,4.3
2025-07-22,4.35,4.41,322.169,4.3
2025-07-23,4.4,4.41,322.169,4.3
2025-07-24,4.43,4.42,322.169,4.3
2025-07-25,4.4,4.42,322.169,4.3
2025-07-28,4.42,4.4,322.169,4.3
2025-07-29,4.34,4.4,322.169,4.3
2025-07-30,4.38,4.41,322.169,4.3
2025-07-31,4.37,4.41,322.169,4.3
2025-08-01,4.23,4.35,323.291,4.3
2025-08-04,4.22,4.35,323.291,4.3
2025-08-05,4.22,4.34,323.291,4.3
2025-08-06,4.22,4.32,323.291,4.3
2025-08-07,4.23,4.32,323.291,4.3
2025-08-08,4.27,4.32,323.291,4.3
2025-08-11,4.27,4.34,323.291,4.3
2025-08-12,4.29,4.33,323.291,4.3
2025-08-13,4.24,4.29,323.291,4.3
2025-08-14,4.29,4.3,323.291,4.3
2025-08-15,4.33,4.3,323.291,4.3
2025-08-18,4.34,4.33,323.291,4.3
2025-08-19,4.3,4.3,323.291,4.3
2025-08-20,4.29,4.3,323.291,4.3
2025-08-21,4.33,4.32,323.291,4.3
2025-08-22,4.26,4.27,323.291,4.3
2025-08-25,4.28,4.29,323.291,4.3
2025-08-26,4.26,4.28,323.291,4.3
2025-08-27,4.24,4.26,323.291,4.3
2025-08-28,4.22,4.26,323.291,4.3
2025-08-29,4.23,4.23,323.291,4.3
2025-09-01,4.23,4.23,324.245,4.4
2025-09-02,4.28,4.2,324.245,4.4
2025-09-03,4.22,4.18,324.245,4.4
2025-09-04,4.17,4.16,324.245,4.4
2025-09-05,4.1,4.07,324.245,4.4
2025-09-08,4.05,4.1,324.245,4.4
2025-09-09,4.08,4.1,324.245,4.4
2025-09-10,4.04,4.09,324.245,4.4
2025-09-11,4.01,4.08,324.245,4.4
2025-09-12,4.06,4.08,324.245,4.4
2025-09-15,4.05,4.06,324.245,4.4
2025-09-16,4.04,4.04,324.245,4.4
2025-09-17,4.06,4.02,324.245,4.4
2025-09-18,4.11,4.03,324.245,4.4
2025-09-19,4.14,4.03,324.245,4.4
2025-09-22,4.15,4.0,324.245,4.4
2025-09-23,4.12,4.0,324.245,4.4
2025-09-24,4.16,4.02,324.245,4.4
2025-09-25,4.18,4.04,324.245,4.4
2025-09-26,4.2,4.02,324.245,4.4
2025-09-29,4.15,4.04,324.245,4.4
2025-09-30,4.16,4.02,324.245,4.4
2025-10-01,4.12,4.01,324.245,4.4
2025-10-02,4.1,4.02,324.245,4.4
2025-10-03,4.13,4.03,324.245,4.4
2025-10-06,4.18,4.02,324.245,4.4
2025-10-07,4.14,4.01,324.245,4.4
2025-10-08,4.13,4.01,324.245,4.4
2025-10-09,4.14,4.03,324.245,4.4
2025-10-10,4.05,4.02,324.245,4.4
2025-10-13,4.05,4.02,324.245,4.4
2025-10-14,4.03,4.02,324.245,4.4
2025-10-15,4.05,4.03,324.245,4.4
2025-10-16,3.99,4.02,324.245,4.4
2025-10-17,4.02,4.0,324.245,4.4
2025-10-20,4.0,3.97,324.245,4.4
2025-10-21,3.98,3.96,324.245,4.4
2025-10-22,3.97,3.96,324.245,4.4
2025-10-23,4.01,3.95,324.245,4.4
2025-10-24,4.02,3.93,324.245,4.4
2025-10-27,4.01,3.89,324.245,4.4
2025-10-28,3.99,3.89,324.245,4.4
2025-10-29,4.08,3.93,324.245,4.4
2025-10-30,4.11,3.92,324.245,4.4
2025-10-31,4.11,3.89,324.245,4.4
2025-11-01,4.11,3.89,325.063,4.5
2025-11-03,4.13,3.98,325.063,4.5
2025-11-04,4.1,3.96,325.063,4.5
2025-11-05,4.17,3.96,325.063,4.5
2025-11-06,4.11,3.93,325.063,4.5
2025-11-07,4.11,3.92,325.063,4.5
2025-11-10,4.13,3.95,325.063,4.5
2025-11-11,4.13,3.95,325.063,4.5
2025-11-12,4.08,3.95,325.063,4.5
2025-11-13,4.11,3.96,325.063,4.5
2025-11-14,4.14,3.95,325.063,4.5
2025-11-17,4.13,3.97,325.063,4.5
2025-11-18,4.12,3.94,325.063,4.5
2025-11-19,4.13,3.95,325.063,4.5
2025-11-20,4.1,3.94,325.063,4.5
2025-11-21,4.06,3.9,325.063,4.5
2025-11-24,4.04,3.91,325.063,4.5
2025-11-25,4.01,3.9,325.063,4.5
2025-11-26,4.0,3.92,325.063,4.5
2025-11-27,4.0,3.92,325.063,4.5
2025-11-28,4.02,3.88,325.063,4.5
2025-12-01,4.09,3.81,326.031,4.4
2025-12-02,4.09,3.77,326.031,4.4
2025-12-03,4.06,3.72,326.031,4.4
2025-12-04,4.11,3.71,326.031,4.4
2025-12-05,4.14,3.71,326.031,4.4
2025-12-08,4.17,3.73,326.031,4.4
2025-12-09,4.18,3.73,326.031,4.4
2025-12-10,4.13,3.69,326.031,4.4
2025-12-11,4.14,3.66,326.031,4.4
2025-12-12,4.19,3.63,326.031,4.4
2025-12-15,4.18,3.65,326.031,4.4
2025-12-16,4.15,3.64,326.031,4.4
2025-12-17,4.16,3.64,326.031,4.4
2025-12-18,4.12,3.62,326.031,4.4
2025-12-19,4.16,3.62,326.031,4.4
2025-12-22,4.17,3.64,326.031,4.4
2025-12-23,4.18,3.65,326.031,4.4
2025-12-24,4.15,3.69,326.031,4.4
2025-12-25,4.15,3.69,326.031,4.4
2025-12-26,4.14,3.64,326.031,4.4
2025-12-29,4.12,3.68,326.031,4.4
2025-12-30,4.14,3.65,326.031,4.4
2025-12-31,4.18,3.67,326.031,4.4
2026-01-01,4.18,3.67,326.588,4.3
2026-01-02,4.19,3.65,326.588,4.3
2026-01-05,4.17,3.64,326.588,4.3
2026-01-06,4.18,3.63,326.588,4.3
2026-01-07,4.15,3.62,326.588,4.3
2026-01-08,4.19,3.62,326.588,4.3
2026-01-09,4.18,3.62,326.588,4.3
2026-01-12,4.19,3.67,326.588,4.3
2026-01-13,4.18,3.67,326.588,4.3
2026-01-14,4.15,3.67,326.588,4.3
2026-01-15,4.17,3.68,326.588,4.3
2026-01-16,4.24,3.67,326.588,4.3
2026-01-19,4.24,3.67,326.588,4.3
2026-01-20,4.3,3.7,326.588,4.3
2026-01-21,4.26,3.7,326.588,4.3
2026-01-22,4.26,3.71,326.588,4.3
2026-01-23,4.24,3.7,326.588,4.3
2026-01-26,4.22,3.67,326.588,4.3
2026-01-27,4.24,3.67,326.588,4.3
2026-01-28,4.26,3.68,326.588,4.3
2026-01-29,4.24,3.67,326.588,4.3
2026-01-30,4.26,3.67,326.588,4.3
2026-02-01,4.26,3.67,327.46,4.4
2026-02-02,4.29,3.69,327.46,4.4
2026-02-03,4.28,3.69,327.46,4.4
2026-02-04,4.29,3.69,327.46,4.4
2026-02-05,4.21,3.67,327.46,4.4
2026-02-06,4.22,3.68,327.46,4.4
2026-02-09,4.22,3.69,327.46,4.4
2026-02-10,4.16,3.69,327.46,4.4
2026-02-11,4.18,3.7,327.46,4.4
2026-02-12,4.09,3.7,327.46,4.4
2026-02-13,4.04,3.68,327.46,4.4
2026-02-16,4.04,3.68,327.46,4.4
2026-02-17,4.05,3.69,327.46,4.4
2026-02-18,4.09,3.7,327.46,4.4
2026-02-19,4.08,3.69,327.46,4.4
2026-02-20,4.08,3.69,327.46,4.4
2026-02-23,4.03,3.69,327.46,4.4
2026-02-24,4.04,3.69,327.46,4.4
2026-02-25,4.05,3.69,327.46,4.4
2026-02-26,4.02,3.68,327.46,4.4
2026-02-27,3.97,3.67,327.46,4.4
2026-03-01,3.97,3.67,330.293,4.3
2026-03-02,4.05,3.72,330.293,4.3
2026-03-03,4.06,3.71,330.293,4.3
2026-03-04,4.09,3.71,330.293,4.3
2026-03-05,4.13,3.7,330.293,4.3
2026-03-06,4.15,3.69,330.293,4.3
2026-03-09,4.12,3.71,330.293,4.3
2026-03-10,4.15,3.71,330.293,4.3
2026-03-11,4.21,3.71,330.293,4.3
2026-03-12,4.27,3.72,330.293,4.3
2026-03-13,4.28,3.72,330.293,4.3
2026-03-16,4.23,3.72,330.293,4.3
2026-03-17,4.2,3.72,330.293,4.3
2026-03-18,4.26,3.73,330.293,4.3
2026-03-19,4.25,3.73,330.293,4.3
2026-03-20,4.39,3.74,330.293,4.3
2026-03-23,4.34,3.74,330.293,4.3
2026-03-24,4.39,3.74,330.293,4.3
2026-03-25,4.33,3.73,330.293,4.3
2026-03-26,4.42,3.73,330.293,4.3
2026-03-27,4.44,3.73,330.293,4.3
2026-03-30,4.35,3.71,330.293,4.3
2026-03-31,4.3,3.7,330.293,4.3
2026-04-01,4.33,3.7,332.407,4.3
2026-04-02,4.31,3.7,332.407,4.3
2026-04-03,4.35,3.71,332.407,4.3
2026-04-06,4.34,3.72,332.407,4.3
2026-04-07,4.33,3.71,332.407,4.3
2026-04-08,4.29,3.69,332.407,4.3
2026-04-09,4.29,3.68,332.407,4.3
2026-04-10,4.31,3.69,332.407,4.3
2026-04-13,4.3,3.71,332.407,4.3
2026-04-14,4.26,3.71,332.407,4.3
2026-04-15,4.29,3.71,332.407,4.3
2026-04-16,4.32,3.7,332.407,4.3
2026-04-17,4.26,3.7,332.407,4.3
2026-04-20,4.26,3.71,332.407,4.3
2026-04-21,4.3,3.69,332.407,4.3
2026-04-22,4.3,3.69,332.407,4.3
2026-04-23,4.34,3.69,332.407,4.3
2026-04-24,4.31,3.69,332.407,4.3
2026-04-27,4.35,3.68,332.407,4.3
2026-04-28,4.36,3.68,332.407,4.3
2026-04-29,4.42,3.68,332.407,4.3
2026-04-30,4.4,3.68,332.407,4.3
2026-05-01,4.39,3.68,333.979,4.3
2026-05-04,4.45,3.7,333.979,4.3
2026-05-05,4.43,3.69,333.979,4.3
2026-05-06,4.36,3.69,333.979,4.3
2026-05-07,4.41,3.69,333.979,4.3
2026-05-08,4.38,3.69,333.979,4.3
2026-05-11,4.42,3.7,333.979,4.3
2026-05-12,4.46,3.7,333.979,4.3
2026-05-13,4.46,3.69,333.979,4.3
2026-05-14,4.47,3.69,333.979,4.3
2026-05-15,4.59,3.69,333.979,4.3
2026-05-18,4.61,3.68,333.979,4.3
2026-05-19,4.67,3.67,333.979,4.3
2026-05-20,4.57,3.65,333.979,4.3
2026-05-21,4.57,3.68,333.979,4.3
2026-05-22,4.56,3.68,333.979,4.3
2026-05-25,4.56,3.68,333.979,4.3
2026-05-26,4.5,3.68,333.979,4.3
2026-05-27,4.48,3.68,333.979,4.3
2026-05-28,4.45,3.69,333.979,4.3
2026-05-29,4.45,3.69,333.979,4.3
2026-06-01,4.47,3.78,332.568,4.2
2026-06-02,4.46,3.77,332.568,4.2
2026-06-03,4.49,3.78,332.568,4.2
2026-06-04,4.47,3.78,332.568,4.2
2026-06-05,4.55,3.78,332.568,4.2
2026-06-08,4.56,3.8,332.568,4.2
2026-06-09,4.53,3.79,332.568,4.2
2026-06-10,4.55,3.79,332.568,4.2
2026-06-11,4.45,3.78,332.568,4.2
2026-06-12,4.48,3.78,332.568,4.2
2026-06-15,4.47,3.79,332.568,4.2
2026-06-16,4.43,3.79,332.568,4.2
2026-06-17,4.49,3.83,332.568,4.2
2026-06-18,4.46,3.83,332.568,4.2
2026-06-19,4.46,3.83,332.568,4.2
2026-06-22,4.51,3.85,332.568,4.2
2026-06-23,4.5,3.85,332.568,4.2
2026-06-24,4.41,3.85,332.568,4.2
2026-06-25,4.4,3.84,332.568,4.2
2026-06-26,4.38,3.83,332.568,4.2
2026-06-29,4.38,3.87,332.568,4.2
2026-06-30,4.44,3.87,332.568,4.2
2026-07-01,4.48,3.85,332.813,4.1
2026-07-02,4.49,3.82,332.813,4.1
2026-07-03,4.49,3.82,332.813,4.1
2026-07-06,4.48,3.87,332.813,4.1
2026-07-07,4.55,3.86,332.813,4.1
2026-07-08,4.56,3.87,332.813,4.1
2026-07-09,4.54,3.83,332.813,4.1
2026-07-10,4.56,3.85,332.813,4.1
2026-07-13,4.62,3.89,332.813,4.1
2026-07-14,4.58,3.84,332.813,4.1
2026-07-15,4.55,3.83,332.813,4.1
2026-07-16,4.57,3.84,332.813,4.1
2026-07-17,4.55,3.85,332.813,4.1
2026-07-20,4.6,3.86,332.813,4.1
2026-07-21,4.63,3.87,332.813,4.1
2026-07-22,4.67,3.89,332.813,4.1
2026-07-23,4.71,3.95,332.813,4.1
2026-07-24,4.69,3.96,332.813,4.1
2026-07-27,4.65,3.96,332.813,4.1
2026-07-28,4.61,3.9,332.813,4.1
2026-07-29,4.67,3.83,332.813,4.1
2026-07-30,4.68,3.82,332.813,4.1
2026-07-31,4.75,3.83,332.813,4.1
2026-08-03,4.7,3.91,332.813,4.1
2026-08-04,4.63,3.89,332.813,4.1
2026-08-05,4.63,3.89,332.813,4.1
2026-08-06,4.69,3.9,332.813,4.1
2026-08-07,4.65,3.87,332.813,4.1
2026-08-10,4.72,3.89,332.813,4.1
2026-08-11,4.7,3.89,332.813,4.1
2026-08-12,4.68,3.87,332.813,4.1
2026-08-13,4.63,3.87,332.813,4.1
2026-08-14,4.68,3.86,332.813,4.1
2026-08-17,4.72,3.87,332.813,4.1
2026-08-18,4.71,3.86,332.813,4.1
2026-08-19,4.65,3.86,332.813,4.1
2026-08-20,4.69,3.87,332.813,4.1
2026-08-21,4.74,3.88,332.813,4.1
2026-08-24,4.7,3.87,332.813,4.1
2026-08-25,4.64,3.86,332.813,4.1
