Ticker,RMSE,MAE,MAPE,R2,Directional_Accuracy,Model
AAPL,0.015525815527913435,0.011001494713127613,141.80174,0.0012077689170837402,51.01351351351351,BiLSTM
ALL,0.017943967763536208,0.012699620798230171,112.074425,-0.0020600557327270508,49.28861788617886,Transformer
AMZN,0.02089272743052996,0.014766741544008255,101.26843,-0.00010979175567626953,52.702702702702695,Transformer
GOOGL,0.01953692502782665,0.014104935340583324,115.60446,0.002421855926513672,52.02702702702703,BiLSTM
JNJ,0.01188456612261236,0.008776397444307804,102.7397,-0.03516840934753418,44.79166666666667,Transformer
JPM,0.013708168630518802,0.010456355288624763,99.93448,-0.006787419319152832,43.58108108108108,Transformer
META,0.024018574819538934,0.016288811340928078,104.27977,-0.002178788185119629,48.986486486486484,Transformer
MSFT,0.018947526437401385,0.012593445368111134,126.90292,-0.0014415979385375977,50.0,Transformer
NVDA,0.022244533056216813,0.017374159768223763,108.23531,-0.0003669261932373047,53.04054054054054,Transformer
PG,0.011989534640675932,0.009442076086997986,121.68043,-0.0008875131607055664,49.66216216216216,Transformer
XOM,0.01569028900592929,0.012149220332503319,138.96008,-0.009856343269348145,43.58108108108108,Transformer
