RMSE,MAE,MAPE,R2,Directional_Accuracy,Ticker,Model
0.019598422940207808,0.013530901681114269,174.5231479041577,-0.00919377912879571,49.01463963963964,ALL,Ridge
0.019532406980247465,0.013400340586494168,99.91554054054053,-0.0024064280279401107,0.08445945945945946,ALL,ZeroBaseline
0.019102610713106885,0.012459585892095823,125.8601695305112,0.01298023878952248,48.03370786516854,AAPL,Ridge
0.01925473765000215,0.012466558099963618,100.0,-0.002802962474444115,0.0,AAPL,ZeroBaseline
0.022534542015632424,0.015753750937663905,118.98258728253066,-0.0012273290138451465,49.157303370786515,AMZN,Ridge
0.022535344568459847,0.015706072703545924,100.0,-0.0012986463835942264,0.0,AMZN,ZeroBaseline
0.020901710640724575,0.015195928234402632,137.16532135484604,-0.031482894771497794,46.62921348314607,GOOGL,Ridge
0.020685833422884953,0.014924408440583434,100.0,-0.010286184948119947,0.0,GOOGL,ZeroBaseline
0.012910305816592844,0.009254852856688216,180.67357074953108,-0.05618880589756303,47.19101123595505,JNJ,Ridge
0.01264368753848198,0.009085345415502323,100.0,-0.013015311881662717,0.0,JNJ,ZeroBaseline
0.01526194099873523,0.011048738307638882,248.67579473315396,-0.0007251609265639392,49.157303370786515,JPM,Ridge
0.015311897667242117,0.010995519321838567,99.71910112359551,-0.0072871985610876155,0.2808988764044944,JPM,ZeroBaseline
0.025813240486890716,0.017473982890239076,153.43413794084088,-0.007522311908328971,50.0,META,Ridge
0.02571719902327375,0.017234954661565695,100.0,-3.9027797267499054e-05,0.0,META,ZeroBaseline
0.01964771582530605,0.013048029766020106,173.27506658243541,-0.037713861939617344,50.0,MSFT,Ridge
0.019297413728019252,0.012630209458341791,100.0,-0.001040614194863121,0.0,MSFT,ZeroBaseline
0.02536766345744949,0.018723957604793742,113.19029144879332,0.002562604581796135,51.68539325842697,NVDA,Ridge
0.02546258133128864,0.018767273708855937,100.0,-0.004915558196660008,0.0,NVDA,ZeroBaseline
0.012733470321657399,0.009849858894583124,209.53233110995035,-0.050035460428788925,48.87640449438202,PG,Ridge
0.01243164162263746,0.009698716382046552,99.71910112359551,-0.0008462554482999707,0.2808988764044944,PG,ZeroBaseline
0.016469063442760588,0.012476640156808046,286.96908326081905,0.01091281597681204,49.42528735632184,XOM,Ridge
0.016592218697340413,0.012473520249392151,99.71264367816092,-0.003935233553090667,0.28735632183908044,XOM,ZeroBaseline
0.019298180592012947,0.013312237171536675,174.27906342119118,0.021490501196891887,52.98423423423423,ALL,RandomForest
0.019532406980247465,0.013400340586494168,99.91554054054053,-0.0024064280279401107,0.08445945945945946,ALL,ZeroBaseline
0.018694361928444685,0.012212463330064888,110.73572399542584,0.054717343012161024,53.93258426966292,AAPL,RandomForest
0.01925473765000215,0.012466558099963618,100.0,-0.002802962474444115,0.0,AAPL,ZeroBaseline
0.022497003774043872,0.01576766135151931,109.97103423877033,0.0021055995358362223,51.12359550561798,AMZN,RandomForest
0.022535344568459847,0.015706072703545924,100.0,-0.0012986463835942264,0.0,AMZN,ZeroBaseline
0.020550269101338715,0.014913830727211813,111.29061822261602,0.002912218014060053,51.40449438202247,GOOGL,RandomForest
0.020685833422884953,0.014924408440583434,100.0,-0.010286184948119947,0.0,GOOGL,ZeroBaseline
0.012308190330798083,0.008914174924267371,110.55887081138887,0.04003166594832752,57.02247191011236,JNJ,RandomForest
0.01264368753848198,0.009085345415502323,100.0,-0.013015311881662717,0.0,JNJ,ZeroBaseline
0.014985319257609073,0.010828858507353736,269.5567352219451,0.0352222513355428,55.89887640449438,JPM,RandomForest
0.015311897667242117,0.010995519321838567,99.71910112359551,-0.0072871985610876155,0.2808988764044944,JPM,ZeroBaseline
0.025745242545359273,0.017455270636465983,115.86892100914295,-0.002221217799643238,49.43820224719101,META,RandomForest
0.02571719902327375,0.017234954661565695,100.0,-3.9027797267499054e-05,0.0,META,ZeroBaseline
0.019202983616566117,0.012588960391259342,140.54276974070882,0.008732414995142324,50.84269662921348,MSFT,RandomForest
0.019297413728019252,0.012630209458341791,100.0,-0.001040614194863121,0.0,MSFT,ZeroBaseline
0.025023366960993648,0.018487092315669668,103.8172198747163,0.029453827577221037,53.37078651685393,NVDA,RandomForest
0.02546258133128864,0.018767273708855937,100.0,-0.004915558196660008,0.0,NVDA,ZeroBaseline
0.012427447866213326,0.009734265309592764,335.1507651290048,-0.00017110769709827167,50.0,PG,RandomForest
0.01243164162263746,0.009698716382046552,99.71910112359551,-0.0008462554482999707,0.2808988764044944,PG,ZeroBaseline
0.015982083499899793,0.012194680590937179,338.9995601646757,0.06854139284078664,56.896551724137936,XOM,RandomForest
0.016592218697340413,0.012473520249392151,99.71264367816092,-0.003935233553090667,0.28735632183908044,XOM,ZeroBaseline
0.01976391909355791,0.01357072951358688,223.67767588935155,-0.02630973460627062,50.95720720720721,ALL,XGBoost
0.019532406980247465,0.013400340586494168,99.91554054054053,-0.0024064280279401107,0.08445945945945946,ALL,ZeroBaseline
0.019365779790734887,0.01258768585043149,119.77817870600973,-0.014402650552078233,50.84269662921348,AAPL,XGBoost
0.01925473765000215,0.012466558099963618,100.0,-0.002802962474444115,0.0,AAPL,ZeroBaseline
0.022947026052518266,0.01584830834996705,112.85883295157046,-0.03821677262500267,52.80898876404494,AMZN,XGBoost
0.022535344568459847,0.015706072703545924,100.0,-0.0012986463835942264,0.0,AMZN,ZeroBaseline
0.020778838004115483,0.015083967715965272,129.22065581032675,-0.019391205659057054,49.43820224719101,GOOGL,XGBoost
0.020685833422884953,0.014924408440583434,100.0,-0.010286184948119947,0.0,GOOGL,ZeroBaseline
0.012821431781867733,0.009252093513234845,203.30241816854348,-0.04169733358630534,53.65168539325843,JNJ,XGBoost
0.01264368753848198,0.009085345415502323,100.0,-0.013015311881662717,0.0,JNJ,ZeroBaseline
0.015514067115301244,0.011056378005602975,789.6046045428687,-0.03406207541407835,52.24719101123596,JPM,XGBoost
0.015311897667242117,0.010995519321838567,99.71910112359551,-0.0072871985610876155,0.2808988764044944,JPM,ZeroBaseline
0.026161044168125966,0.017586478269420835,136.61114308261674,-0.03485562729769098,50.84269662921348,META,XGBoost
0.02571719902327375,0.017234954661565695,100.0,-3.9027797267499054e-05,0.0,META,ZeroBaseline
0.019574745448123466,0.012965742246331645,165.35599887594046,-0.030020167819749588,49.43820224719101,MSFT,XGBoost
0.019297413728019252,0.012630209458341791,100.0,-0.001040614194863121,0.0,MSFT,ZeroBaseline
0.025490659425872565,0.018728236379709263,113.58703264649002,-0.0071330608889073055,53.65168539325843,NVDA,XGBoost
0.02546258133128864,0.018767273708855937,100.0,-0.004915558196660008,0.0,NVDA,ZeroBaseline
0.013123887279835931,0.009988404698075633,140.35466230391629,-0.11541219429786653,46.348314606741575,PG,XGBoost
0.01243164162263746,0.009698716382046552,99.71910112359551,-0.0008462554482999707,0.2808988764044944,PG,ZeroBaseline
0.01659887749701317,0.01258791437364802,328.45784228605817,-0.004741195087416106,50.287356321839084,XOM,XGBoost
0.016592218697340413,0.012473520249392151,99.71264367816092,-0.003935233553090667,0.28735632183908044,XOM,ZeroBaseline
0.02802881064295125,0.022015828806614835,1353.586618377636,-1.0641518950568236,49.07094594594595,ALL,SVR
0.019532406980247465,0.013400340586494168,99.91554054054053,-0.0024064280279401107,0.08445945945945946,ALL,ZeroBaseline
0.028137832867614246,0.021911009770247295,713.0934710614637,-1.1415177992362087,49.71910112359551,AAPL,SVR
0.01925473765000215,0.012466558099963618,100.0,-0.002802962474444115,0.0,AAPL,ZeroBaseline
0.029261484669938248,0.021874629307610933,456.1421361965355,-0.6882157143849044,50.84269662921348,AMZN,SVR
0.022535344568459847,0.015706072703545924,100.0,-0.0012986463835942264,0.0,AMZN,ZeroBaseline
0.030996361719689978,0.025239361093804376,566.7117832238154,-1.2684008889387735,47.19101123595505,GOOGL,SVR
0.020685833422884953,0.014924408440583434,100.0,-0.010286184948119947,0.0,GOOGL,ZeroBaseline
0.025307471506599895,0.021205825888901512,847.2405364000044,-3.058504330003509,45.78651685393258,JNJ,SVR
0.01264368753848198,0.009085345415502323,100.0,-0.013015311881662717,0.0,JNJ,ZeroBaseline
0.027096656217591542,0.022501020708727882,2724.162592770137,-2.1544720332695073,45.50561797752809,JPM,SVR
0.015311897667242117,0.010995519321838567,99.71910112359551,-0.0072871985610876155,0.2808988764044944,JPM,ZeroBaseline
0.029956814137106866,0.0223683241656684,530.742262784097,-0.3569406952571941,54.7752808988764,META,SVR
0.02571719902327375,0.017234954661565695,100.0,-3.9027797267499054e-05,0.0,META,ZeroBaseline
0.024918496433331765,0.019275917650041826,707.6927497901196,-0.6691568512499688,48.87640449438202,MSFT,SVR
0.019297413728019252,0.012630209458341791,100.0,-0.001040614194863121,0.0,MSFT,ZeroBaseline
0.03397809053485454,0.026938979744902915,437.36320697246737,-0.789462698954869,51.96629213483146,NVDA,SVR
0.02546258133128864,0.018767273708855937,100.0,-0.004915558196660008,0.0,NVDA,ZeroBaseline
0.02153415344859665,0.016828332786885298,3759.4296714060724,-2.0030738466533826,49.43820224719101,PG,SVR
0.01243164162263746,0.009698716382046552,99.71910112359551,-0.0008462554482999707,0.2808988764044944,PG,ZeroBaseline
0.027110672637564635,0.02201486529746695,2826.3843514427735,-1.6802626553188493,46.55172413793103,XOM,SVR
0.016592218697340413,0.012473520249392151,99.71264367816092,-0.003935233553090667,0.28735632183908044,XOM,ZeroBaseline
